House Index,Actual Price,Predicted Price,Prediction Error,Error Percentage
0,208500,212139.26217548284,3639.2621754828433,1.7454494846440496
1,181500,194711.96606376718,13211.966063767177,7.279320145326268
2,223500,214575.84025671068,8924.159743289318,3.992912636818487
3,140000,160552.44637355002,20552.446373550018,14.680318838250011
4,250000,299707.03819728026,49707.03819728026,19.8828152789121
5,143000,151404.16877237076,8404.168772370758,5.877041099559971
6,307000,281566.9705380342,25433.02946196578,8.28437441757843
7,200000,238762.1410883031,38762.14108830309,19.381070544151548
8,129900,139070.7516728829,9170.751672882907,7.059855021464902
9,118000,122638.02165834603,4638.021658346028,3.9305268291068036
10,129500,137060.14978455708,7560.149784557085,5.8379535015884825
11,345000,387358.2996818125,42358.299681812525,12.277768023713776
12,144000,138312.9650201158,5687.034979884193,3.9493298471418004
13,279500,242061.31673271497,37438.68326728503,13.394877734270136
14,157000,164376.33715096433,7376.337150964333,4.6983039178116766
15,132000,138336.5340838364,6336.534083836392,4.800404608966963
16,149000,159137.848993581,10137.848993580992,6.803925499047645
17,90000,105412.74409528103,15412.744095281028,17.12527121697892
18,159000,139450.70056274693,19549.299437253067,12.295156878775513
19,139000,123168.03780340755,15831.962196592445,11.389900860857875
20,325300,334718.5772354237,9418.577235423727,2.8953511329307493
21,139400,129107.60330311817,10292.396696881828,7.383354875811928
22,230000,226213.68924509842,3786.310754901584,1.6462220673485148
23,129900,144496.61404729265,14596.614047292649,11.236808350494726
24,154000,147112.1998806114,6887.800119388587,4.472597480122459
25,256300,269911.2460250335,13611.246025033528,5.310669537664271
26,134800,124445.25672953998,10354.743270460021,7.681560289658769
27,306000,309443.15405527677,3443.154055276769,1.1252137435544998
28,207500,215663.99256911184,8163.992569111841,3.934454250174381
29,68500,53492.66313381048,15007.336866189522,21.908520972539446
30,40000,98188.48359506993,58188.483595069934,145.47120898767483
31,149350,146588.46815582013,2761.5318441798736,1.8490337088583018
32,179900,206394.1562187917,26494.1562187917,14.727157431234964
33,165500,196957.4054581944,31457.405458194407,19.007495745132573
34,277500,275261.51387717295,2238.4861228270456,0.8066616658836201
35,309000,328080.08286550443,19080.08286550443,6.174784098868748
36,145000,143661.54455820026,1338.4554417997424,0.923072718482581
37,153000,150250.16211262447,2749.837887375528,1.7972796649513254
38,109000,126312.66985893316,17312.669858933165,15.883183356819416
39,82000,78809.65757641583,3190.3424235841667,3.8906614921758127
40,160000,129993.7396826355,30006.260317364504,18.753912698352813
41,170000,177430.87625055472,7430.87625055472,4.371103676796894
42,144000,140861.9829157257,3138.0170842742955,2.1791785307460385
43,130250,150638.80239724406,20388.802397244057,15.653591091934016
44,141000,141488.8505571996,488.850557199592,0.3467025228365901
45,319900,280915.64273415203,38984.35726584797,12.186419901796802
46,239686,275272.5210011706,35586.52100117062,14.847142094728364
47,249700,254636.61615945966,4936.616159459663,1.9770188864476024
48,113000,93500.41488959736,19499.585110402637,17.256270009205874
49,127000,131969.12240305022,4969.12240305022,3.912694805551354
50,177000,169513.90939567183,7486.090604328172,4.229429719959419
51,114500,121497.0986331605,6997.0986331604945,6.111003173065934
52,110000,108240.27608386046,1759.723916139541,1.59974901467231
53,385000,365836.7168828286,19163.283117171377,4.977476134330228
54,130000,111372.97963378674,18627.020366213255,14.328477204779427
55,180500,168529.9388913728,11970.061108627211,6.631612802563552
56,172500,192896.05173537662,20396.05173537662,11.823798107464707
57,196500,194161.20654477275,2338.793455227249,1.190225676960432
58,438780,456223.0995734123,17443.099573412328,3.9753634106869793
59,124900,125589.87597049677,689.875970496767,0.5523426505178278
60,158000,170354.7487454038,12354.748745403806,7.819461231268231
61,101000,85309.31136644245,15690.688633557555,15.535335280750054
62,202500,213409.49740472154,10909.497404721536,5.387406125788413
63,140000,198928.0621764045,58928.06217640449,42.09147298314607
64,219500,235804.67977855375,16304.67977855375,7.428100126903758
65,317000,314880.77090827806,2119.229091721936,0.6685265273570776
66,180000,231482.40961217802,51482.40961217802,28.60133867343223
67,226000,227259.11187898242,1259.111878982425,0.5571291499922235
68,80000,59963.007139093505,20036.992860906495,25.046241076133118
69,225000,229891.23351743628,4891.2335174362815,2.1738815633050144
70,244000,279864.21734368836,35864.21734368836,14.698449731019819
71,129500,105724.63799259192,23775.362007408083,18.35935290147342
72,185000,178746.50881782165,6253.491182178346,3.3802655038801874
73,144900,137047.0982998796,7852.90170012039,5.419531884141056
74,107400,98193.61792779775,9206.38207220225,8.57205034655703
75,91000,98087.71720779673,7087.717207796726,7.788700228348051
76,135750,106835.11683251496,28914.883167485037,21.300098097594873
77,127000,124314.35142286055,2685.648577139451,2.1146839190074416
78,136500,144726.09974311825,8226.099743118248,6.026446698255127
79,110000,110425.2191059808,425.2191059807956,0.3865628236189051
80,193500,202604.13651439935,9104.136514399346,4.704980110800696
81,153500,150708.59460478698,2791.40539521302,1.8185051434612507
82,245000,224344.16869562914,20655.831304370862,8.430951552804434
83,126500,121227.82875578539,5272.171244214609,4.167724303726963
84,168500,159848.25691595892,8651.743084041082,5.1345656285110275
85,260000,293309.06789940584,33309.06789940584,12.811179961309938
86,174000,188309.71545425363,14309.71545425363,8.22397439899634
87,164500,166525.80817099716,2025.8081709971593,1.231494328873653
88,85000,51258.9750572207,33741.0249427793,39.6953234620933
89,123600,124819.22145702798,1219.2214570279757,0.9864251270452878
90,109900,108316.60170770061,1583.3982922993891,1.4407627773424831
91,98600,117485.24346254204,18885.243462542043,19.153390935641017
92,163500,156957.98893664728,6542.011063352722,4.001230008166803
93,133900,152761.4112297613,18861.41122976129,14.086192105871016
94,204750,192931.41716552727,11818.582834472734,5.772201628558112
95,185000,182386.07321689188,2613.9267831081233,1.4129333962746613
96,214000,224918.17884257025,10918.178842570254,5.101952730173016
97,94750,117079.9742144591,22329.9742144591,23.56725510760855
98,83000,63735.32629514413,19264.67370485587,23.210450246814304
99,128950,130596.92341165463,1646.9234116546286,1.2771798461842796
100,205000,213746.17838239562,8746.178382395621,4.266428479217376
101,178000,169870.91972708676,8129.080272913241,4.56689902972654
102,118964,112660.42254100894,6303.577458991058,5.298726891320952
103,198900,176225.24507082257,22674.754929177434,11.40007789300022
104,169500,169683.64127690592,183.64127690592431,0.10834293622768396
105,250000,263233.85083668155,13233.850836681551,5.29354033467262
106,100000,91112.20730467295,8887.79269532705,8.887792695327052
107,115000,88968.24839534235,26031.75160465765,22.636305743180564
108,115000,111441.99481644618,3558.005183553818,3.0939175509163634
109,190000,211954.58658651667,21954.58658651667,11.55504557185088
110,136900,151070.88567188967,14170.885671889671,10.351267839218167
111,180000,164618.95194849974,15381.048051500256,8.54502669527792
112,383970,340213.3694160341,43756.63058396592,11.395846181724071
113,217000,253341.1031950375,36341.10319503749,16.747052163611745
114,259500,241788.374568306,17711.625431694003,6.8252891836971115
115,176000,156156.606867368,19843.393132631987,11.274655188995448
116,139000,127258.20158467125,11741.798415328754,8.447336989445146
117,155000,159707.07233885143,4707.072338851431,3.0368208637751164
118,320000,359394.22599773586,39394.22599773586,12.310695624292457
119,163990,188102.82905233293,24112.829052332934,14.703841119783483
120,180000,179999.99999944374,5.562615115195513e-07,3.090341730664174e-10
121,100000,86207.71069793604,13792.28930206396,13.79228930206396
122,136000,133521.58302980723,2478.416970192775,1.8223654192593932
123,153900,137046.45084084538,16853.549159154616,10.950974112511123
124,181000,191102.0977109476,10102.097710947593,5.581269453562206
125,84500,109260.52596318148,24760.525963181484,29.30239758956389
126,128000,133549.27050959974,5549.270509599737,4.335367585624795
127,87000,82317.77035782524,4682.22964217476,5.381873151925011
128,155000,131506.3469105277,23493.653089472296,15.157195541595032
129,150000,132772.3602468215,17227.63975317849,11.48509316878566
130,226000,215048.77606009776,10951.223939902236,4.845674309691255
131,244000,218698.39457006627,25301.605429933727,10.369510422103986
132,150750,152911.7381738775,2161.7381738775002,1.433988838393035
133,220000,222212.1944068266,2212.194406826602,1.0055429121939101
134,180000,175325.72389997458,4674.276100025425,2.5968200555696805
135,174000,174788.24847065055,788.2484706505493,0.45301636244284443
136,143000,129622.36751023671,13377.632489763288,9.354987755079222
137,171000,159323.2729225152,11676.7270774848,6.828495366950175
138,230000,243742.79347767666,13742.793477676663,5.975127598989854
139,231500,206678.93672425134,24821.06327574866,10.721841587796398
140,115000,90640.20242777621,24359.79757222379,21.182432671498947
141,260000,255661.72925519125,4338.270744808746,1.6685656710802867
142,166000,130801.7984636474,35198.2015363526,21.20373586527265
143,204000,221078.0670454304,17078.06704543039,8.371601492858034
144,125000,121865.55474852471,3134.445251475292,2.5075562011802335
145,130000,135038.95961098312,5038.959610983118,3.8761227776793215
146,105000,101907.57698893078,3092.423011069215,2.9451647724468715
147,222500,221911.30960790333,588.6903920966724,0.26457995150412245
148,141000,172347.7137777975,31347.7137777975,22.23242111900532
149,115000,126117.93433653025,11117.934336530248,9.667768988287174
150,122000,132591.3269435717,10591.326943571708,8.681415527517794
151,372402,354617.84627002827,17784.15372997173,4.775525837662454
152,190000,177910.49439313417,12089.50560686583,6.362897687824122
153,235000,235000.00000000346,3.4633558243513107e-09,1.4737684358941748e-12
154,125000,115713.05528425772,9286.944715742284,7.429555772593827
155,79000,78842.66918281678,157.33081718321773,0.1991529331433136
156,109500,123955.56022300609,14455.56022300609,13.201424861192775
157,269500,254305.0290698272,15194.9709301728,5.638208137355399
158,254900,242782.25526069393,12117.744739306072,4.753921043274254
159,320000,311773.55188738275,8226.448112617247,2.5707650351928897
160,162500,181817.14986695963,19317.149866959633,11.887476841205928
161,412500,398730.09847633634,13769.901523663662,3.3381579451305847
162,220000,274055.8968188531,54055.8968188531,24.570862190387775
163,103200,97650.95005002382,5549.049949976179,5.376986385635832
164,152000,152277.19100724594,277.1910072459432,0.1823625047670679
165,127500,96513.15864193268,30986.841358067322,24.303404986719467
166,190000,217662.8735034763,27662.873503476294,14.559407107092786
167,325624,338245.5374757977,12621.537475797697,3.8761078654514702
168,183500,187737.13652940778,4237.136529407784,2.3090662285601002
169,228000,226331.32101277667,1668.6789872233348,0.7318767487821644
170,128500,120157.26688006622,8342.733119933779,6.4923993151235635
171,215000,213419.2896616,1580.7103384000075,0.7352141108837245
172,239000,225071.35835061027,13928.641649389727,5.827883535309509
173,163000,150119.24820391161,12880.751796088385,7.902301715391648
174,184000,202849.70757060676,18849.707570606755,10.244406288373236
175,243000,201567.43827450878,41432.56172549122,17.05043692407046
176,211000,225057.27587324605,14057.27587324605,6.662216053671114
177,172500,181622.0915118317,9122.091511831706,5.288168992366207
178,501837,435477.24173841206,66359.75826158794,13.223368994631313
179,100000,111450.35972225104,11450.359722251043,11.450359722251044
180,177000,154457.7879795784,22542.212020421604,12.735713005887911
181,200100,153632.64738641397,46467.35261358603,23.222065274155938
182,120000,123883.11123378898,3883.111233788979,3.2359260281574826
183,200000,197678.54637713058,2321.4536228694196,1.1607268114347098
184,127000,131693.33546587327,4693.3354658732715,3.6955397369080876
185,475000,419574.4274699207,55425.572530079284,11.668541585279849
186,173000,190881.1599941907,17881.159994190704,10.335930632480176
187,135000,129916.0468186599,5083.953181340097,3.765891245437109
188,153337,155958.8154827653,2621.8154827652907,1.709838775224043
189,286000,305492.5567676161,19492.55676761607,6.815579289376249
190,315000,299493.78562325414,15506.214376745862,4.92260773864948
191,184000,184260.4322595737,260.4322595736885,0.1415392715074394
192,192000,207172.47135410694,15172.471354106936,7.902328830264029
193,130000,137211.2008615744,7211.200861574413,5.547077585826471
194,127000,121548.71204033218,5451.287959667825,4.292352724147894
195,148500,147459.00252475226,1040.9974752477428,0.7010084008402309
196,311872,315871.4475906665,3999.447590666474,1.2824003407380187
197,235000,298930.6662229288,63930.66622292879,27.204538818267572
198,104000,112081.97308067637,8081.973080676369,7.771127962188816
199,274900,328321.2643892772,53421.2643892772,19.432980861868753
200,140000,141463.8510844698,1463.8510844697885,1.0456079174784203
201,171500,165013.60662832877,6486.3933716712345,3.7821535694876
202,112000,83466.0881554757,28533.911844524293,25.476707004039547
203,149000,132699.6269984114,16300.373001588596,10.939847652072883
204,110000,127186.7089198636,17186.708919863595,15.624280836239631
205,180500,179683.70876581527,816.2912341847259,0.4522389109056653
206,143900,125710.7916105685,18189.2083894315,12.640172612530575
207,141000,122023.53776251621,18976.462237483793,13.458483856371483
208,277000,255085.89288680317,21914.107113196835,7.9112300047641995
209,145000,160746.5652680831,15746.565268083097,10.859700184884895
210,98000,102553.61920291264,4553.61920291264,4.646550207053714
211,186000,169812.6819900419,16187.318009958108,8.702859145138769
212,252678,243328.83093368847,9349.16906631153,3.700032874374314
213,156000,150291.3511336431,5708.648866356903,3.6593902989467333
214,161750,144445.37375311073,17304.626246889267,10.698377896067553
215,134450,123910.92801598835,10539.07198401165,7.838655250287579
216,210000,220849.32160867928,10849.321608679282,5.166343623180611
217,107000,101377.47956082618,5622.5204391738225,5.254691999227871
218,311500,238476.126719347,73023.873280653,23.442655948845264
219,167240,184239.6204766412,16999.620476641197,10.164805355561587
220,204900,216596.85191980228,11696.851919802284,5.708566090679494
221,200000,200131.22071004324,131.22071004324243,0.06561035502162123
222,179900,168227.98412186027,11672.015878139733,6.488057742156606
223,97000,96735.58958737206,264.4104126279417,0.27258805425561
224,386250,334248.5415723035,52001.45842769649,13.463160757979672
225,112000,89170.95851344851,22829.04148655149,20.383072755849547
226,290000,285680.22843002214,4319.771569977864,1.4895764034406427
227,106000,93285.58714398908,12714.412856010924,11.994729109444267
228,125000,104896.89093872494,20103.109061275056,16.082487249020044
229,192500,192662.8453504214,162.84535042141215,0.08459498723190241
230,148000,136468.13288056964,11531.86711943036,7.791802107723217
231,403000,354218.4230894353,48781.576910564676,12.104609655226966
232,94500,84337.6778180397,10162.322181960306,10.753780086730483
233,128200,114509.41377364428,13690.586226355721,10.67908441993426
234,216500,219471.73686775958,2971.7368677595805,1.372626728757312
235,89500,89763.49650725312,263.4965072531195,0.29440950531074805
236,185500,189043.97542123785,3543.9754212378466,1.9104988793735023
237,194500,241620.77086945562,47120.77086945562,24.22661741360186
238,318000,296038.40644971514,21961.59355028486,6.90616149380027
239,113000,130786.28512996392,17786.285129963915,15.740075336251252
240,262500,266048.6512803512,3548.651280351216,1.3518671544195109
241,110500,110674.4748827724,174.47488277239609,0.1578958215134806
242,79000,72815.94062912787,6184.059370872128,7.827923254268517
243,120000,95822.67762576378,24177.322374236217,20.147768645196848
244,205000,241284.9366130856,36284.93661308559,17.69996907955395
245,241500,222921.1106051931,18578.8893948069,7.693121902611553
246,137000,150826.38733783105,13826.387337831053,10.092253531263543
247,140000,159319.76290633247,19319.76290633247,13.799830647380338
248,180000,193609.97292532635,13609.97292532635,7.56109606962575
249,277000,273537.8736818443,3462.1263181556715,1.2498650968071017
250,76500,64614.50213702061,11885.497862979391,15.536598513698552
251,235000,273181.9841999939,38181.984199993894,16.247652851061233
252,173000,171678.87256726538,1321.1274327346182,0.7636574755691435
253,158000,188035.70443887185,30035.70443887185,19.00993951827332
254,145000,135908.08527866125,9091.914721338748,6.270286014716378
255,230000,224731.77456344807,5268.225436551933,2.2905327985008404
256,207500,212463.14804041028,4963.148040410277,2.3918785736916996
257,220000,239819.8412475864,19819.841247586388,9.009018748902903
258,231500,225520.21555766495,5979.784442335047,2.5830602342699986
259,97000,131779.6545709742,34779.654570974206,35.85531399069506
260,176000,176724.70116791155,724.7011679115531,0.4117620272224733
261,276000,317711.9365834873,41711.93658348732,15.113020501263522
262,151000,147880.5354103135,3119.4645896865113,2.0658705891963653
263,130000,111813.45342169332,18186.546578306676,13.989651214082057
264,73000,62363.95508606601,10636.04491393399,14.569924539635604
265,175500,188774.74998784173,13274.74998784173,7.563960107032325
266,185000,196716.69253372945,11716.692533729452,6.3333473155294335
267,179500,154754.4512688516,24745.54873114839,13.785821020138378
268,120500,109719.66817782432,10780.331822175678,8.946333462386455
269,148000,145975.1769651895,2024.8230348105135,1.3681236721692658
270,266000,266412.89461711445,412.8946171144489,0.1552235402685898
271,241500,172443.65118433427,69056.34881566573,28.594761414354338
272,290000,314426.21120850474,24426.21120850474,8.422831451208532
273,139000,152206.4309024187,13206.43090241871,9.50102942620051
274,124500,156385.3271049355,31885.32710493551,25.61070450195623
275,205000,173914.12003073582,31085.879969264177,15.16384388744594
276,201000,206864.01970324517,5864.019703245169,2.91742273793292
277,141000,94700.6986322678,46299.3013677322,32.83638394874624
278,415298,376877.12191864755,38420.87808135245,9.251399737381941
279,192000,203215.67604333643,11215.676043336425,5.841497939237721
280,228500,233689.62649994597,5189.626499945967,2.271171334768476
281,185000,224069.6495688577,39069.64956885771,21.118729496679844
282,207500,212802.08280077702,5302.082800777018,2.5552206268804905
283,244600,228716.8230078602,15883.176992139808,6.493531067923061
284,179200,203948.6174391265,24748.61743912651,13.810612410226847
285,164700,177642.48525260316,12942.485252603161,7.8582181254421135
286,159000,191892.29232151477,32892.292321514775,20.68697630283948
287,88000,81785.10408698043,6214.895913019573,7.062381719340423
288,122000,111065.22886484987,10934.771135150135,8.962927159959126
289,153575,135922.7251956079,17652.274804392102,11.494237215947974
290,233230,256050.56437665052,22820.564376650524,9.784575044655714
291,135900,123098.64842710583,12801.351572894171,9.419684748266498
292,131000,131039.0927311964,39.0927311964042,0.029841779539239846
293,235000,221348.94918253747,13651.050817462528,5.808957794664906
294,167000,194156.02510767008,27156.02510767008,16.26109287884436
295,142500,160373.45937509582,17873.459375095816,12.54277850883917
296,152000,136155.7362461148,15844.2637538852,10.42385773281921
297,239000,259933.39597562465,20933.395975624648,8.758743086035418
298,175000,182331.03386290107,7331.033862901066,4.189162207372037
299,158500,144893.40519186234,13606.594808137655,8.584602402610509
300,157000,167714.61781300916,10714.617813009158,6.824597333126851
301,267000,271499.42103984125,4499.421039841254,1.6851764194162
302,205000,216018.0517464791,11018.05174647909,5.374659388526385
303,149900,120645.94275447147,29254.05724552853,19.515715307223836
304,295000,334887.69826272666,39887.698262726655,13.521253648381917
305,305900,299419.8174183611,6480.182581638917,2.1183990132850337
306,225000,232548.2312386875,7548.231238687498,3.354769439416666
307,89500,104008.33941993085,14508.339419930853,16.21043510606799
308,82500,108676.17206204231,26176.172062042315,31.72869340853614
309,360000,365019.9341028647,5019.934102864703,1.3944261396846398
310,165600,162288.0030083294,3311.996991670603,1.999998183375968
311,132000,126534.60734056056,5465.392659439443,4.140448984423821
312,119900,127686.68020230407,7786.6802023040655,6.494312095332832
313,375000,326722.49963741575,48277.50036258425,12.874000096689134
314,178000,153951.32468465986,24048.675315340137,13.51049175019109
315,188500,181539.96951195088,6960.030488049117,3.6923238663390543
316,260000,256172.38842456698,3827.611575433024,1.4721582982434707
317,270000,252522.60096258318,17477.39903741682,6.473110754598823
318,260000,327192.1055786018,67192.10557860183,25.843117530231474
319,187500,203614.91652549946,16114.916525499459,8.594622146933045
320,342643,343405.48771032016,762.4877103201579,0.22253123814587134
321,354000,342064.57432434475,11935.42567565525,3.3715891739139123
322,301000,271418.32751099893,29581.672489001066,9.827798169103344
323,126175,112396.06068352048,13778.939316479518,10.920498764794546
324,242000,279794.3093079784,37794.30930797837,15.61748318511503
325,87000,81588.60667237351,5411.393327626487,6.219992330605158
326,324000,320126.96094419283,3873.0390558071667,1.1953824246318416
327,145250,158907.63518953565,13657.63518953565,9.402846946324027
328,214500,178767.099189824,35732.90081017601,16.658695016399072
329,78000,81877.62863603179,3877.62863603179,4.97131876414332
330,119000,123635.92632876491,4635.926328764908,3.8957364107268133
331,139000,126298.54566353458,12701.454336465424,9.137736932708938
332,284000,276980.6179949896,7019.382005010382,2.471613382045909
333,207000,200705.60314028876,6294.39685971124,3.0407714298121933
334,192000,206683.54482772513,14683.544827725127,7.647679597773503
335,228950,231418.9842658975,2468.9842658975103,1.0783945253974712
336,377426,384073.8902483153,6647.890248315292,1.7613758056719178
337,214000,224334.72718676887,10334.727186768869,4.8293117695181635
338,202500,222370.25497715737,19870.25497715737,9.812471593657959
339,155000,157014.90921668368,2014.909216683678,1.299941430118502
340,202900,222909.2002742449,20009.20027424491,9.861606837971863
341,82000,60291.59621422083,21708.40378577917,26.473663153389232
342,87500,84578.19023355484,2921.8097664451634,3.3392111616516154
343,266000,268126.0078213961,2126.0078213961096,0.7992510606752292
344,85000,77544.1520131095,7455.847986890498,8.771585866929996
345,140200,131396.0379065013,8803.962093498703,6.27957353316598
346,151500,151499.9999995389,4.6109198592603207e-07,3.0435114582576373e-10
347,157500,188564.7676826087,31064.76768260871,19.723662020703944
348,154000,198650.52169141432,44650.521691414324,28.993845254165144
349,437154,426636.37627300865,10517.623726991354,2.405931028194036
350,318061,287134.9640125602,30926.0359874398,9.723303387538804
351,190000,217243.2549972963,27243.254997296288,14.33855526173489
352,95000,92598.53449186325,2401.4655081367528,2.5278584296176345
353,105900,108111.63615222517,2211.636152225168,2.0884194072003477
354,140000,147854.78362659496,7854.783626594959,5.6105597332821135
355,177500,171339.48948628697,6160.51051371303,3.4707101485707215
356,173000,162600.6899048202,10399.310095179797,6.0111619047282066
357,134000,143965.6707474971,9965.67074749709,7.4370677220127535
358,130000,154014.8033910203,24014.80339102031,18.472925685400238
359,280000,307031.3398746968,27031.3398746968,9.654049955248857
360,156000,149165.20270689236,6834.7972931076365,4.381280316094639
361,145000,149869.06170901578,4869.061709015776,3.3579735924246727
362,198500,199711.8152265135,1211.815226513514,0.6104862602083194
363,118000,118026.08292483972,26.082924839720363,0.022104173592983358
364,190000,173851.6921311438,16148.30786885621,8.499109404661162
365,147000,140435.00039110894,6564.999608891056,4.465986128497317
366,159000,180072.09991296686,21072.099912966863,13.252893027023186
367,165000,142756.82235432867,22243.177645671327,13.48071372464929
368,132000,132061.18211668733,61.182116687326925,0.04635008839949009
369,162000,161621.058563899,378.9414361010131,0.23391446672902044
370,172400,170906.89930796417,1493.100692035834,0.8660676867957274
371,134432,116847.25492784384,17584.74507215616,13.08077323267984
372,125000,85729.98801491907,39270.01198508093,31.416009588064743
373,123000,100604.91707470655,22395.08292529345,18.207384492108496
374,219500,207081.71220343802,12418.287796561985,5.657534303672886
375,61000,35805.68235983819,25194.31764016181,41.30216006583903
376,148000,145216.54374521316,2783.456254786841,1.8807136856667843
377,340000,274294.090206621,65705.90979337902,19.325267586287946
378,394432,375674.0703710237,18757.92962897627,4.755681493635474
379,179000,167858.0285806031,11141.971419396898,6.224565038769216
380,127000,157358.59774441944,30358.597744419443,23.904407672771217
381,187750,210396.67905814401,22646.679058144015,12.062145969717184
382,213500,215233.34289458868,1733.3428945886844,0.8118702082382597
383,76000,78771.13042324045,2771.130423240451,3.6462242411058567
384,240000,268639.6449087714,28639.644908771385,11.933185378654745
385,192000,182622.40592442002,9377.594075579982,4.884163581031241
386,81000,76163.05403047628,4836.9459695237165,5.9715382339798975
387,125000,145225.31944147308,20225.319441473082,16.180255553178466
388,191000,201713.53794419774,10713.537944197742,5.609182169737037
389,426000,402735.3569489337,23264.64305106632,5.461183814804301
390,119000,124028.12595551371,5028.125955513708,4.2253159290031155
391,215000,231395.9195146142,16395.919514614186,7.626009076564738
392,106500,106723.69922304022,223.69922304022475,0.21004621881711244
393,100000,78329.61256594714,21670.387434052856,21.670387434052856
394,109000,106500.52052756902,2499.479472430976,2.2931004334229135
395,129000,141006.54176256972,12006.541762569716,9.307396715170322
396,123000,131476.20506640853,8476.205066408525,6.891223631226444
397,169500,143050.63006823623,26449.369931763766,15.604348042338506
398,67000,55551.40964817649,11448.590351823514,17.087448286303754
399,241000,236948.9229065952,4051.077093404805,1.6809448520351888
400,245500,249207.92541520452,3707.925415204518,1.5103565846046916
401,164990,202012.55562445402,37022.55562445402,22.4392724555755
402,108000,101837.74702921955,6162.25297078045,5.7057897877596755
403,258000,280719.4654549195,22719.465454919497,8.805994362371898
404,168000,175327.46207545258,7327.462075452582,4.361584568721775
405,150000,148600.66400960166,1399.3359903983364,0.9328906602655576
406,115000,93774.6743532441,21225.325646755897,18.45680491022252
407,177000,162233.2644009463,14766.735599053703,8.34278847404164
408,280000,295071.9307716165,15071.93077161652,5.382832418434472
409,339750,307009.92963479646,32740.070365203544,9.636518135453583
410,60000,81362.6652168431,21362.665216843103,35.60444202807184
411,145000,143054.7872732714,1945.2127267286123,1.3415260184335258
412,222000,276511.44562005985,54511.44562005985,24.554705234261192
413,115000,101228.66542431494,13771.334575685061,11.975073544073966
414,228000,242314.1694104858,14314.169410485803,6.278144478283247
415,181134,202868.9284949219,21734.928494921915,11.999364279992665
416,149500,152571.60619068044,3071.606190680439,2.054586080722702
417,239000,259652.77799132824,20652.777991328243,8.64132970348462
418,126000,126663.29405249227,663.2940524922742,0.5264238511843446
419,142000,132231.1766770466,9768.823322953394,6.879453044333377
420,206300,195770.16385037187,10529.836149628129,5.104137736126092
421,215000,242449.16950123283,27449.169501232827,12.767055581968755
422,113000,119020.1720984664,6020.172098466399,5.32758592784637
423,315000,314418.21948419826,581.7805158017436,0.18469222723864878
424,139000,141042.4467223234,2042.446722323395,1.4693861311679102
425,135000,153107.32306715284,18107.323067152844,13.412831901594698
426,275000,243122.9643226978,31877.035677302192,11.591649337200797
427,109008,103180.96235704151,5827.037642958487,5.345513763171956
428,195400,203384.7279465268,7984.7279465268075,4.086350023811058
429,175000,195306.6954983168,20306.69549831681,11.603825999038179
430,85400,79118.46689739192,6281.533102608082,7.355425178697988
431,79900,116786.14959621473,36886.14959621473,46.16539373744021
432,122500,115772.94618147644,6727.053818523564,5.491472504917195
433,181000,168676.958654061,12323.041345939011,6.808310135877907
434,81000,81185.01084206256,185.010842062562,0.22840844699081728
435,212000,217044.39275828868,5044.392758288683,2.379430546362586
436,116000,114382.54436627965,1617.455633720354,1.3943583049313397
437,119000,126459.46118014902,7459.461180149025,6.268454773234475
438,90350,86363.02307892442,3986.9769210755767,4.412813415689625
439,110000,137363.02211350694,27363.022113506944,24.875474648642676
440,555000,400191.41496940213,154808.58503059787,27.89343874425187
441,118000,95898.63307733307,22101.36692266693,18.729971968361806
442,162900,163551.80206322137,651.8020632213738,0.40012404126542284
443,172500,197438.3301843451,24938.330184345104,14.457003005417452
444,210000,212071.34404236908,2071.344042369077,0.9863543058900368
445,127500,155150.51019195231,27650.510191952315,21.686674660354758
446,190000,200468.92219010225,10468.922190102254,5.509959047422239
447,199900,210657.13151722788,10757.131517227885,5.381256386807346
448,119500,137973.84313442415,18473.843134424154,15.459282957677118
449,120000,113950.26976670613,6049.730233293871,5.0414418610782255
450,110000,113522.69889141488,3522.6988914148824,3.202453537649893
451,280000,280932.4605482372,932.460548237199,0.3330216243704282
452,204000,207696.3306600425,3696.3306600424985,1.8119267941384798
453,210000,207178.31737197252,2821.6826280274836,1.3436583942988019
454,188000,159535.73334655128,28464.26665344872,15.140567368855704
455,175500,165139.50437263967,10360.495627360331,5.903416311886229
456,98000,89319.01886556626,8680.981134433736,8.858144014728301
457,256000,211999.79407215488,44000.20592784512,17.187580440564503
458,161000,157997.54410331356,3002.4558966864424,1.8648794389356786
459,110000,113395.21743344874,3395.2174334487354,3.086561303135214
460,263435,262427.9014697097,1007.0985302902991,0.38229488499641245
461,155000,158598.49912166016,3598.499121660163,2.321612336554944
462,62383,110766.86814471675,48383.86814471675,77.55938019126485
463,188700,186855.466697522,1844.5333024779975,0.9774951258494952
464,124000,144532.6580449251,20532.658044925105,16.558595197520244
465,178740,176180.0606618925,2559.939338107506,1.4322140193059785
466,167000,176241.9399754615,9241.939975461486,5.534095793689513
467,146500,152588.62178984346,6088.621789843455,4.156055829244679
468,250000,270719.5882940348,20719.588294034824,8.28783531761393
469,187000,187000.00000015463,1.5462865121662617e-07,8.268911829766104e-11
470,212000,256259.54576136582,44259.54576136582,20.87714422705935
471,190000,191668.67898717683,1668.678987176827,0.8782520985141195
472,148000,122209.19512719763,25790.80487280237,17.426219508650252
473,440000,362495.7022225532,77504.2977774468,17.61461313123791
474,251000,272614.9854528443,21614.985452844296,8.611547989180995
475,132500,149546.03497778767,17046.03497778767,12.864932058707677
476,208900,231430.3139303118,22530.313930311793,10.785214902016177
477,380000,366726.09662185237,13273.903378147632,3.493132467933587
478,297000,290500.18148553395,6499.818514466053,2.1884910823118022
479,89471,141455.61565492224,51984.615654922236,58.10219585667114
480,326000,346912.6788968253,20912.678896825295,6.414932176940274
481,374000,360856.12766433053,13143.872335669468,3.5144043678260606
482,155000,160668.77801450694,5668.778014506941,3.657276138391575
483,164000,137474.79303064264,26525.206969357358,16.173906688632535
484,132500,135461.17472564938,2961.1747256493836,2.2348488495467045
485,147000,142932.38366256436,4067.61633743564,2.7670859438337687
486,156000,153902.73316401787,2097.2668359821255,1.3444018179372599
487,175000,192305.4603607694,17305.460360769386,9.88883449186822
488,160000,146636.1997880152,13363.80021198481,8.352375132490506
489,86000,88388.37535988502,2388.375359885016,2.7771806510290884
490,115000,103250.98332815806,11749.016671841935,10.216536236384291
491,133000,132057.06293414082,942.9370658591797,0.708975237488105
492,172785,190051.00308292123,17266.003082921234,9.992767359968303
493,155000,155757.78197745935,757.7819774593518,0.4888915983608721
494,91300,62789.160202808474,28510.839797191526,31.227644903824235
495,34900,50444.95106641183,15544.951066411828,44.5414070670826
496,430000,305325.068764201,124674.93123579898,28.99417005483697
497,184000,176688.58472757027,7311.415272429731,3.9735952567552886
498,130000,124469.58752203497,5530.41247796503,4.254163444588484
499,120000,113282.16758028939,6717.832419710612,5.598193683092177
500,113000,111549.27876221217,1450.7212377878313,1.2838241042370189
501,226700,224053.51276753374,2646.4872324662574,1.167396220761472
502,140000,161489.41154591998,21489.411545919982,15.349579675657129
503,289000,288737.4544300275,262.5455699724844,0.0908462179835586
504,147000,134164.4966023542,12835.503397645807,8.731634964384902
505,124500,125370.05104838012,870.051048380119,0.6988361834378466
506,215000,217525.34148336216,2525.3414833621646,1.174577434121937
507,208300,196360.9258363906,11939.074163609388,5.731672666159092
508,161000,157108.722999007,3891.2770009929955,2.416942236641612
509,124500,127272.79262978458,2772.7926297845843,2.2271426745257705
510,164900,178258.74261825372,13358.742618253717,8.101117415557136
511,202665,223081.98432591514,20416.98432591514,10.074252745128728
512,129900,98911.77447839637,30988.22552160363,23.855446898848058
513,134000,131065.7279749751,2934.2720250248967,2.189755242555893
514,96500,88537.98831536344,7962.011684636556,8.250789310504203
515,402861,385927.50046022655,16933.499539773446,4.203310705124955
516,158000,156332.89907105415,1667.1009289458452,1.0551271702188894
517,265000,282799.6188078014,17799.618807801395,6.71683728596279
518,211000,203163.7435670365,7836.256432963506,3.7138656080395767
519,234000,251316.136504019,17316.136504019,7.400058335050855
520,106250,92342.40013445783,13907.599865542172,13.089505755804398
521,150000,150167.0112412815,167.0112412814924,0.11134082752099494
522,159000,186999.51537638888,27999.51537638888,17.609758098357787
523,184750,184750.00000024648,2.4648034013807774e-07,1.3341290399895954e-10
524,315750,308548.07287795783,7201.927122042165,2.280895367234257
525,176000,195533.66237830083,19533.662378300825,11.098671805852742
526,132000,131231.66842461444,768.3315753855568,0.5820693752920885
527,446261,415105.3848473822,31155.6151526178,6.981478361904311
528,86000,77707.22840702816,8292.77159297184,9.642757666246325
529,200624,201578.04167455828,954.041674558277,0.4755371613357709
530,175000,193342.9824630246,18342.982463024586,10.481704264585478
531,128000,123010.10431652106,4989.895683478942,3.898356002717924
532,107500,84700.3726309214,22799.627369078604,21.208955692166143
533,39300,23038.768250778958,16261.231749221042,41.37718002346321
534,178000,184218.64198573583,6218.641985735827,3.4936190931100155
535,107500,148121.89461874656,40621.89461874656,37.78780894767122
536,188000,209095.69525023972,21095.695250239718,11.221114494808361
537,111250,116139.93880329866,4889.938803298661,4.3954506097066615
538,158000,142386.55627673116,15613.443723268836,9.881926407132175
539,272000,262551.37343393883,9448.626566061168,3.473759766934253
540,315000,323151.4284335978,8151.428433597786,2.5877550582850115
541,248000,268785.5680933504,20785.56809335039,8.381277456996125
542,213250,217309.47344696897,4059.473446968972,1.903621780524723
543,133000,109211.55571833989,23788.444281660108,17.88604833207527
544,179665,217289.39297970416,37624.392979704164,20.941414844128886
545,229000,236744.66927376794,7744.6692737679405,3.3819516479335983
546,210000,208949.28572942622,1050.7142705737788,0.5003401288446565
547,129500,124188.16979442918,5311.830205570819,4.101799386541173
548,125000,125000.00000013204,1.3204407878220081e-07,1.0563526302576066e-10
549,263000,235190.07995789908,27809.920042100915,10.574114084449016
550,140000,139247.46484950455,752.5351504954451,0.5375251074967465
551,112500,133125.6453875091,20625.64538750911,18.33390701111921
552,255500,291314.98235738394,35814.98235738394,14.017605619328352
553,108000,106384.97131416897,1615.0286858310283,1.4953969313250262
554,284000,291229.60637877847,7229.606378778466,2.5456360488656573
555,113000,120308.84852931983,7308.848529319832,6.468007548070648
556,141000,144619.34209805235,3619.3420980523515,2.566909289398831
557,108000,107334.66264641253,665.3373535874707,0.616053105173584
558,175000,201153.59820322713,26153.598203227128,14.944913258986931
559,234000,191155.22352463953,42844.77647536047,18.309733536478834
560,121500,170699.339525211,49199.33952521099,40.49328355984444
561,170000,182387.31782867844,12387.317828678439,7.286657546281434
562,108000,118850.46628784007,10850.46628784007,10.046728044296362
563,185000,183252.4001464077,1747.5998535923136,0.9446485695093588
564,268000,292763.48226646543,24763.482266465435,9.240105323307999
565,128000,129153.63886792018,1153.6388679201773,0.9012803655626385
566,325000,341235.76306054834,16235.763060548343,4.9956194032456445
567,214000,242214.84689904933,28214.846899049327,13.184507896752024
568,316600,293840.994740676,22759.00525932398,7.1885676750865395
569,135960,134356.07550722992,1603.9244927700784,1.179703216218063
570,142600,138213.52773520848,4386.472264791519,3.0760675068664223
571,120000,99361.45119733879,20638.548802661215,17.198790668884346
572,224500,231362.8967635735,6862.896763573488,3.056969605155228
573,170000,163047.83180491385,6952.168195086153,4.089510702991855
574,139000,131668.9661375065,7331.033862493496,5.274125080930572
575,118500,114286.92036502107,4213.079634978931,3.5553414641172414
576,145000,137912.842955549,7087.157044451014,4.887694513414493
577,164500,168652.9586726357,4152.958672635694,2.524594937772458
578,146000,150503.06921948775,4503.069219487748,3.0842939859505125
579,131500,134224.02941827945,2724.029418279446,2.0715052610490083
580,181900,187402.00884044,5502.008840439987,3.0247437275645885
581,253293,340832.2227017571,87539.2227017571,34.560458718463245
582,118500,98286.44075619595,20213.559243804048,17.057855901944343
583,325000,325000.000000339,3.390014171600342e-07,1.0430812835693358e-10
584,133000,145031.87536174417,12031.875361744169,9.046522828379075
585,369900,339077.1920389399,30822.807961060083,8.332740730213594
586,130000,114106.18797898866,15893.812021011341,12.2260092469318
587,137000,132730.64332526512,4269.356674734881,3.116318740682395
588,143000,252779.15627308757,109779.15627308757,76.76864075041088
589,79500,132038.72227065728,52538.72227065728,66.08644310774501
590,185900,184282.56061994148,1617.439380058524,0.8700588381164733
591,451950,394454.73303317954,57495.26696682046,12.721599063352244
592,138000,128408.3481592417,9591.651840758306,6.950472348375585
593,140000,134424.52728565296,5575.472714347037,3.9824805102478837
594,110000,115340.49994043398,5340.499940433976,4.85499994584907
595,319000,319000.00000003516,3.5157427191734314e-08,1.1021137050700412e-11
596,114504,110024.36356788341,4479.636432116589,3.9122095578465284
597,194201,212804.45222068383,18603.45222068383,9.579483226494112
598,217500,223801.8938368424,6301.893836842413,2.8974224537206497
599,151000,138749.75822321113,12250.24177678887,8.112742898535675
600,275000,293852.1043401569,18852.10434015689,6.8553106691479595
601,141000,151878.98269667794,10878.982696677936,7.715590565019813
602,220000,225912.00679284634,5912.0067928463395,2.6872758149301545
603,151000,151056.830081125,56.83008112499374,0.03763581531456539
604,221000,218019.65199453538,2980.3480054646207,1.3485737581287878
605,205000,215720.41931917917,10720.419319179171,5.229472838623986
606,152000,159017.52536744167,7017.5253674416745,4.616793004895838
607,225000,198986.07722414422,26013.922775855783,11.561743455935904
608,359100,361614.85446631745,2514.8544663174544,0.7003214888102073
609,118500,112256.05598316688,6243.94401683312,5.269151069057485
610,313000,301626.6764200948,11373.323579905205,3.633649706040002
611,148000,148297.70015906365,297.70015906365006,0.20114875612408786
612,261500,254728.53578562007,6771.464214379928,2.5894700628603933
613,147000,135904.34058136752,11095.65941863248,7.548067631722775
614,75500,87369.7907486645,11869.790748664498,15.721577150549004
615,137500,136439.10242083852,1060.8975791614794,0.7715618757538032
616,183200,183587.39167687725,387.39167687724694,0.21145833890679416
617,105500,121641.07016267578,16141.07016267578,15.299592571256662
618,314813,352955.6963197943,38142.69631979428,12.115985146672559
619,305000,311020.0646236539,6020.064623653889,1.9737916798865207
620,67000,56434.78235539471,10565.21764460529,15.768981559112374
621,240000,237977.54564574113,2022.4543542588654,0.8426893142745272
622,135000,127537.59749743194,7462.40250256806,5.527705557457822
623,168500,161253.37402388125,7246.625976118754,4.300668235085314
624,165150,158561.49390816365,6588.506091836345,3.989407261178532
625,160000,138544.56742428403,21455.432575715968,13.40964535982248
626,139900,118817.48654540695,21082.51345459305,15.069702254891384
627,153000,177704.60265852886,24704.602658528864,16.14679912322148
628,135000,214711.98944162737,79711.98944162737,59.04591810490917
629,168500,206074.95756732803,37574.957567328034,22.299678081500318
630,124000,98666.75429521487,25333.245704785135,20.43003685869769
631,209500,216089.725997887,6589.725997886999,3.1454539369389014
632,82500,164725.9197649317,82225.91976493169,99.66778153325053
633,139400,122617.43053771058,16782.569462289423,12.039145955731293
634,144000,118040.60991568273,25959.390084317274,18.02735422522033
635,200000,216965.69287591722,16965.692875917215,8.482846437958608
636,60000,18924.448903413402,41075.5510965866,68.45925182764432
637,93000,99705.21996466708,6705.219964667078,7.2099139405022346
638,85000,85227.79195105101,227.79195105101098,0.2679905306482482
639,264561,256559.9050064384,8001.094993561594,3.0242911818301237
640,274000,298237.70417444105,24237.704174441053,8.845877435927392
641,226000,236447.4999327497,10447.499932749692,4.6227875808626955
642,345000,346195.65106038144,1195.6510603814386,0.34656552474824304
643,152000,139396.42643816178,12603.573561838217,8.29182471173567
644,370878,329659.9157574207,41218.084242579294,11.113650376290666
645,143250,135995.04673174975,7254.953268250247,5.064539803316054
646,98300,98674.2995186712,374.2995186712069,0.3807726537855614
647,155000,152810.25136672388,2189.748633276118,1.412741053726528
648,155000,151967.24345933358,3032.7565406664216,1.9566171230105944
649,84500,71048.63743010254,13451.362569897465,15.918772272068004
650,205950,217285.71408311938,11335.714083119383,5.504109775731674
651,108000,101643.70390363908,6356.296096360922,5.885459348482335
652,191000,192288.03239692972,1288.032396929717,0.6743625114815271
653,135000,135894.4644088132,894.46440881319,0.6625662287505111
654,350000,353592.32175182865,3592.3217518286547,1.0263776433796157
655,88000,123128.89373855098,35128.89373855098,39.919197430171565
656,145500,141086.55553647506,4413.444463524938,3.0332951639346657
657,149000,168612.99472554887,19612.994725548866,13.163083708422057
658,97500,120517.12976680059,23017.129766800586,23.607312581333932
659,167000,183383.79229271298,16383.792292712984,9.810654067492806
660,197900,195598.93456815954,2301.065431840456,1.1627415016879514
661,402000,351004.69491963706,50995.305080362945,12.685399273722126
662,110000,133634.85837914344,23634.858379143436,21.486234890130397
663,137500,142215.90491745298,4715.904917452979,3.4297490308748935
664,423000,367536.4611949278,55463.538805072196,13.111947708054892
665,230500,212833.29844932546,17666.701550674537,7.664512603329518
666,129000,129000.000000103,1.0299845598638058e-07,7.984376433052758e-11
667,193500,206183.00167010791,12683.001670107915,6.554522826929155
668,168000,178423.48143531484,10423.48143531484,6.2044532353064525
669,137500,93439.95947560275,44060.04052439725,32.043665835925275
670,173500,174064.04558738353,564.0455873835308,0.3250983212585192
671,103600,116825.97631951774,13225.976319517737,12.766386408800903
672,165000,181713.92722033485,16713.927220334852,10.129652860809001
673,257500,260904.367059633,3404.3670596329903,1.3220842950031029
674,140000,133239.33932973762,6760.660670262383,4.829043335901702
675,148500,142870.22612140074,5629.773878599255,3.791093520942259
676,87000,81312.96489404063,5687.035105959367,6.536821960872835
677,109500,103566.26539104656,5933.73460895344,5.418935715939215
678,372500,348493.57759236614,24006.422407633858,6.444677156411774
679,128500,132626.1016355421,4126.101635542087,3.2109740354413128
680,143000,95236.32100724141,47763.67899275859,33.401174120810204
681,159434,113227.8758665742,46206.124133425794,28.981349105853077
682,173000,198068.12465298738,25068.124652987375,14.490245464154553
683,285000,271548.4526687161,13451.547331283917,4.719841168871549
684,221000,243565.40454001198,22565.40454001198,10.21059028959818
685,207500,229526.40536312517,22026.405363125174,10.61513511475912
686,227875,232737.34068679306,4862.340686793061,2.133775397385874
687,148800,146672.16932791626,2127.8306720837427,1.4299937312390745
688,392000,308516.2553353596,83483.7446646404,21.296873638938877
689,194700,211468.03499113055,16768.034991130553,8.612241906076298
690,141000,134866.48437814592,6133.51562185408,4.350011079329135
691,755000,629120.7190450132,125879.28095498681,16.672752444369113
692,335000,315271.59770009096,19728.402299909038,5.889075313405683
693,108480,99740.05133387676,8739.948666123237,8.056737339715374
694,141500,144065.03726819376,2565.037268193759,1.8127471860026563
695,176000,173038.8929742451,2961.1070257549,1.682447173724375
696,89000,91124.87248859418,2124.8724885941774,2.387497178195705
697,123500,142667.39030185898,19167.390301858977,15.52015409057407
698,138500,108458.83673514295,30041.163264857052,21.690370588344443
699,196000,185380.0699213835,10619.930078616511,5.418331672763526
700,312500,293000.58477370127,19499.415226298734,6.239812872415595
701,140000,137095.1493770083,2904.850622991711,2.0748933021369367
702,361919,359622.46938950894,2296.530610491056,0.634542704442446
703,140000,123033.56334264282,16966.436657357175,12.118883326683697
704,213000,236182.79783214213,23182.797832142125,10.88394264419818
705,55000,60843.76792757635,5843.767927576351,10.625032595593366
706,302000,286109.6645954426,15890.335404557409,5.261700465085235
707,254000,222687.0975210415,31312.90247895851,12.327914361794688
708,179540,205091.78129539234,25551.781295392342,14.231804219334043
709,109900,96215.49800128964,13684.501998710359,12.45177615897212
710,52000,48646.1787888486,3353.8212111514003,6.449656175291155
711,102776,115291.3398188247,12515.339818824694,12.177298025633117
712,189000,230183.60058479782,41183.60058479782,21.79026485968139
713,129000,128675.24468068054,324.7553193194617,0.25174830954997035
714,130500,170607.60974279963,40107.60974279963,30.733800569195118
715,165000,147754.16471151137,17245.835288488626,10.452021386962803
716,159500,207818.59372387882,48318.59372387882,30.293789168576062
717,157000,154343.46665133422,2656.5333486657764,1.6920594577489023
718,341000,379172.2060520302,38172.206052030204,11.194195323176013
719,128500,133269.48784074266,4769.487840742659,3.7116636892938972
720,275000,305081.3556789515,30081.355678951484,10.938674792345994
721,143000,129546.14433673283,13453.855663267168,9.408290673613404
722,124500,105691.26224550468,18808.73775449532,15.10741988312877
723,135000,133404.283763935,1595.7162360649963,1.1820120267148122
724,320000,314722.75026256207,5277.249737437931,1.6491405429493535
725,120500,105848.51042553366,14651.489574466337,12.158912509930571
726,222000,242252.19792621423,20252.197926214227,9.122611678474877
727,194500,213206.9249897603,18706.9249897603,9.617956292935888
728,110000,140146.75317561728,30146.753175617283,27.406139250561168
729,103000,96633.58423461652,6366.4157653834845,6.180986179983965
730,236500,263544.29413998045,27044.294139980455,11.435219509505478
731,187500,191450.72417825935,3950.7241782593483,2.1070528950716523
732,222500,236159.80239890216,13659.80239890216,6.139237033214454
733,131400,129396.68995682398,2003.310043176025,1.5245890739543568
734,108000,96196.66858920475,11803.331410795246,10.929010565551154
735,163000,176483.52151349382,13483.521513493819,8.272099088033018
736,93500,49547.36571845782,43952.63428154218,47.00816500699699
737,239900,235671.82091673135,4228.179083268653,1.762475649549251
738,179000,176117.0344347325,2882.9655652675137,1.6105952878589462
739,190000,194775.10552761503,4775.105527615029,2.5132134355868576
740,132000,100538.53063092884,31461.469369071157,23.834446491720573
741,142000,149811.9330127343,7811.933012734313,5.501361276573459
742,179000,171111.19385617776,7888.806143822236,4.407154270291752
743,175000,146727.57739595367,28272.422604046325,16.155670059455044
744,180000,248404.57066946258,68404.57066946258,38.00253926081255
745,299800,307396.9137449218,7596.913744921796,2.5339939109145417
746,236000,227835.24298607153,8164.757013928465,3.4596428025120614
747,265979,250427.3242696932,15551.6757303068,5.84695623726189
748,260400,282279.5161682748,21879.5161682748,8.40227195402258
749,98000,92503.78384463067,5496.2161553693295,5.60838383200952
750,96500,89172.97053816778,7327.029461832222,7.592776644385722
751,162000,155780.8622949442,6219.137705055793,3.838973892009749
752,217000,210190.9985613091,6809.001438690902,3.137788681424379
753,275500,283022.96318046923,7522.963180469233,2.730658141731119
754,156000,147363.63996094154,8636.360039058462,5.53612823016568
755,172500,155715.22919736392,16784.770802636078,9.730301914571639
756,212000,219467.62551926824,7467.625519268244,3.5224648675793606
757,158900,159176.7198182924,276.7198182923894,0.17414714807576426
758,179400,154616.99341267187,24783.006587328127,13.814384942769301
759,290000,302770.0781224031,12770.078122403123,4.403475214621767
760,127500,129310.93887429815,1810.9388742981537,1.4203442151358068
761,100000,107068.49548529313,7068.495485293126,7.068495485293126
762,215200,219073.03905590248,3873.039055902482,1.7997393382446478
763,337000,325133.20914065617,11866.790859343833,3.5213029256213155
764,270000,273503.59431586694,3503.5943158669397,1.297627524395163
765,264132,255895.042702703,8236.95729729699,3.1185003321433946
766,196500,190224.40093840464,6275.599061595363,3.193689089870414
767,160000,158384.88566504492,1615.114334955084,1.0094464593469274
768,216837,233458.87606910444,16621.876069104444,7.665608761006859
769,538000,491364.4437665341,46635.556233465904,8.668319002502956
770,134900,153333.200137638,18433.200137637992,13.664344060517413
771,102000,116545.77206200807,14545.772062008065,14.260560845105946
772,107000,133960.69209514136,26960.692095141363,25.196908500132114
773,114500,96349.9521396292,18150.047860370803,15.85157018372996
774,395000,322312.01161466865,72687.98838533135,18.40202237603325
775,162000,142351.49496891265,19648.50503108735,12.128706809313178
776,221500,246769.45306114058,25269.45306114058,11.408330953110871
777,142500,133026.72954667002,9473.270453329984,6.64790909005613
778,144000,141361.68167504822,2638.318324951775,1.832165503438733
779,135000,160529.4872118919,25529.487211891887,18.910731268068066
780,176000,149540.16509451446,26459.834905485535,15.03399710538951
781,175900,171960.56961669048,3939.430383309518,2.2395852093857407
782,187100,203118.27104176374,16018.271041763743,8.561342085389494
783,165500,145286.90882732908,20213.091172670916,12.213348140586657
784,128000,130343.48534032915,2343.485340329149,1.8308479221321479
785,161500,161623.34414937164,123.3441493716382,0.07637408629822799
786,139000,128296.22391420373,10703.776085796271,7.700558335105232
787,233000,236765.30605413244,3765.3060541324376,1.616011182031089
788,107900,94767.22785605417,13132.772143945826,12.171243877614296
789,187500,210139.14116672546,22639.141166725458,12.074208622253577
790,160200,148562.04914957474,11637.950850425259,7.264638483411523
791,146800,149930.8283840747,3130.8283840747026,2.132716882884675
792,269790,289703.5243421128,19913.524342112825,7.38112025727893
793,225000,245556.49023730747,20556.490237307473,9.136217883247767
794,194500,195200.66242890464,700.6624289046449,0.360237752650203
795,171000,167074.0771672215,3925.9228327785095,2.2958613057184265
796,143500,131594.3379461226,11905.6620538774,8.296628608973798
797,110000,78130.89905359023,31869.100946409773,28.97190995128161
798,485000,459132.43540739035,25867.564592609648,5.3335184727030205
799,175000,172797.5895765697,2202.410423430294,1.258520241960168
800,200000,230330.6201608785,30330.62016087849,15.165310080439246
801,109900,120609.57297434154,10709.572974341543,9.744834371557364
802,189000,190278.901180364,1278.9011803639878,0.6766672911978772
803,582933,441362.8384107095,141570.16158929048,24.285837581555768
804,118000,94027.86005214034,23972.139947859658,20.315372837169203
805,227680,220629.87378919535,7050.12621080465,3.0965065929394986
806,135500,120195.09592340895,15304.904076591047,11.295132159845792
807,223500,205279.65475660746,18220.34524339254,8.15227975095863
808,159950,137161.59626558187,22788.403734418127,14.247204585444281
809,106000,134238.74386650967,28238.74386650967,26.640324402367614
810,181000,174971.45033398396,6028.5496660160425,3.3306904232132832
811,144500,151592.56653392504,7092.566533925041,4.908350542508678
812,55993,83060.52760832323,27067.52760832323,48.340913343316544
813,157900,158675.67378683787,775.6737868378696,0.4912436902076438
814,116000,107144.0645645668,8855.935435433203,7.634427099511382
815,224900,207989.20098289577,16910.799017104233,7.519252564297124
816,137000,139222.45549613496,2222.455496134964,1.6222302891496085
817,271000,275238.8165882252,4238.816588225192,1.5641389624447204
818,155000,145901.87485584072,9098.125144159276,5.869758157522114
819,224000,241362.12909550892,17362.12909550892,7.750950489066483
820,183000,187307.64403074913,4307.644030749128,2.3539038419394145
821,93000,86585.11549943153,6414.884500568471,6.897725269428463
822,225000,202765.4629321817,22234.53706781831,9.882016474585916
823,139500,146131.4339191996,6631.433919199597,4.753716071110822
824,232600,236556.45836218572,3956.4583621857164,1.7009709209740826
825,385000,385000.0000000956,9.557697921991348e-08,2.4825189407769738e-11
826,109500,125205.5989048859,15705.598904885905,14.34301269852594
827,189000,191890.7172761472,2890.7172761471884,1.5294800402895177
828,185000,205197.02559358548,20197.02559358548,10.917311131667827
829,147400,150835.62169361298,3435.6216936129786,2.3308152602530385
830,166000,175019.8212725475,9019.821272547502,5.433627272618978
831,151000,152266.87753664536,1266.8775366453629,0.8389917461227568
832,237000,227901.59263107533,9098.407368924672,3.8389904510230686
833,167000,163518.7653341974,3481.2346658025926,2.084571656169217
834,139950,127672.6866694841,12277.313330515899,8.772642608442943
835,128000,127510.50324951936,489.4967504806409,0.3824193363130007
836,153500,169157.06641273785,15657.066412737855,10.200043265627269
837,100000,91090.1197322917,8909.8802677083,8.909880267708301
838,144000,146129.08496057618,2129.084960576176,1.4785312226223444
839,130500,121437.48022045431,9062.519779545692,6.944459601184438
840,140000,146047.91310767175,6047.913107671746,4.3199379340512465
841,157500,165426.4474914693,7926.447491469298,5.0326650739487615
842,174900,159836.6666274946,15063.33337250541,8.612540521729795
843,141000,135862.0429317983,5137.957068201707,3.643941183121778
844,153900,141139.01455069307,12760.985449306929,8.291738433597745
845,171000,200884.75214238997,29884.752142389974,17.476463241163728
846,213000,200197.5568919479,12802.443108052103,6.010536670446996
847,133500,125099.70352592182,8400.296474078175,6.292356909421855
848,240000,211028.31487313713,28971.685126862867,12.071535469526195
849,187000,167665.43389389562,19334.56610610438,10.339340163692182
850,131500,125499.9214771009,6000.078522899101,4.562797355816807
851,215000,191068.57872404272,23931.421275957284,11.130893616724318
852,164000,162910.31917799686,1089.680822003138,0.6644395256116695
853,158000,176948.12206279053,18948.122062790528,11.992482318221853
854,170000,207189.10381032297,37189.103810322966,21.87594341783704
855,127000,141045.99181948273,14045.991819482733,11.05983607833286
856,147000,151427.74108951996,4427.741089519957,3.0120687683809235
857,174000,146157.36384490298,27842.636155097018,16.001515031664955
858,152000,143779.32934424942,8220.670655750582,5.408335957730646
859,250000,235500.51380919552,14499.486190804484,5.799794476321794
860,189950,163494.74911973943,26455.250880260573,13.927481379447526
861,131500,135133.52308634963,3633.5230863496254,2.763135426881844
862,152000,151314.39917135835,685.6008286416472,0.45105317673792583
863,132500,153486.7734842498,20986.773484249803,15.8390743277357
864,250580,225913.50253044095,24666.49746955905,9.843761461233559
865,148500,138889.3877837193,9610.612216280686,6.471792738236153
866,248900,267042.6562349419,18142.65623494191,7.289134686597795
867,129000,116032.25392500302,12967.746074996976,10.052516337206958
868,169000,180008.1784111733,11008.178411173314,6.513715036197228
869,236000,234624.75442652943,1375.2455734705727,0.5827311751993952
870,109500,102220.81442791913,7279.185572080867,6.647658056694857
871,200500,178463.58120170006,22036.418798299943,10.990732567730644
872,116000,102607.42972613018,13392.570273869816,11.54531920161191
873,133000,127156.23207245537,5843.767927544628,4.393810471838066
874,66500,82026.52183298182,15526.521832981816,23.348153132303484
875,303477,318462.4194185374,14985.419418537407,4.937909435818005
876,132250,154582.10075072388,22332.100750723883,16.886276560093673
877,350000,346163.32779211155,3836.6722078884486,1.0961920593966996
878,148000,161095.9985946062,13095.998594606208,8.84864769905825
879,136500,136367.45643530026,132.54356469973573,0.097101512600539
880,157000,163329.6047994373,6329.6047994373075,4.031595413654336
881,187500,225320.53530557573,37820.53530557573,20.170952162973723
882,178000,167181.36917694556,10818.630823054438,6.077882484862044
883,118500,109951.6293596919,8548.370640308101,7.213814886335951
884,100000,87921.91717991981,12078.082820080192,12.07808282008019
885,328900,274644.818799719,54255.18120028102,16.495950501757683
886,145000,131737.9255512815,13262.074448718486,9.146258240495508
887,135500,151186.38314427246,15686.383144272462,11.576666527138348
888,268000,278761.5556281565,10761.555628156522,4.015505831401687
889,149500,177548.75093066852,28048.750930668524,18.76170630813948
890,122900,110882.67808990573,12017.321910094266,9.778130113990452
891,172500,168923.65563691975,3576.3443630802503,2.0732431090320294
892,154500,156719.02709081475,2219.0270908147504,1.4362634892004855
893,165000,169177.7270704074,4177.727070407389,2.5319558002469025
894,118858,106533.0001253231,12324.999874676898,10.369516460546953
895,140000,151646.05512097283,11646.05512097283,8.318610800694879
896,106500,99179.2020338597,7320.797966140293,6.873988700601215
897,142953,139447.0602273102,3505.9397726898023,2.452512205193177
898,611657,427488.90850501566,184168.09149498434,30.109700615701996
899,135000,120869.10816040778,14130.891839592223,10.467327288586832
900,110000,101627.52642401235,8372.47357598765,7.611339614534226
901,153000,164657.35274891005,11657.352748910052,7.619184803209185
902,180000,176247.20690254107,3752.7930974589253,2.084885054143847
903,240000,254144.63031348298,14144.63031348298,5.893595963951241
904,125500,111547.27485582998,13952.725144170021,11.117709278223124
905,128000,114377.28742567412,13622.71257432588,10.642744198692094
906,255000,252697.22407507632,2302.775924923684,0.9030493823230133
907,250000,236999.31626994975,13000.683730050252,5.2002734920201
908,131000,129873.7499763048,1126.2500236952037,0.8597328425154227
909,174000,178377.720398423,4377.720398423,2.5159312634614945
910,154300,162930.9906305902,8630.990630590211,5.593642664024764
911,143500,171461.6207417743,27961.6207417743,19.485449994267803
912,88000,111079.08546171003,23079.085461710027,26.22623347921594
913,145000,156775.20982382898,11775.209823828976,8.120834361261362
914,173733,172724.89553275696,1008.1044672430435,0.5802607836410144
915,75000,68331.57187710112,6668.428122898884,8.891237497198512
916,35311,21798.871799103887,13512.128200896113,38.266059304171826
917,135000,137239.06133225377,2239.0613322537683,1.6585639498176061
918,238000,252892.8560016226,14892.856001622597,6.257502521690167
919,176500,194933.86425710234,18433.864257102337,10.444115726403592
920,201000,184426.06472124308,16573.935278756922,8.245738944655185
921,145900,161497.92143942087,15597.921439420868,10.690830321741513
922,169990,194204.71484414578,24214.714844145783,14.244787837017345
923,193000,174616.53975560513,18383.460244394868,9.52510893491962
924,207500,200423.0578163912,7076.9421836088,3.4105745463174943
925,175000,165333.9464560514,9666.053543948598,5.523459167970627
926,285000,311975.91935459326,26975.919354593265,9.465234861260795
927,176000,175981.40330379494,18.596696205058834,0.010566304661965247
928,236500,242447.47750948524,5947.4775094852375,2.5147896446026374
929,222000,212653.8650347376,9346.134965262405,4.209970705073155
930,201000,233730.87981013124,32730.879810131242,16.284019806035445
931,117500,117136.21990286504,363.7800971349643,0.3096000826680547
932,320000,310580.7671652852,9419.232834714814,2.943510260848379
933,190000,194913.04762521,4913.047625209991,2.585814539584206
934,242000,241712.70660845333,287.29339154667105,0.11871627749862441
935,79900,87949.97111081358,8049.971110813582,10.075057710655296
936,184900,190398.5847018026,5498.584701802611,2.973815414712066
937,253000,235777.80975403756,17222.19024596244,6.807189820538513
938,239799,242308.21768738484,2509.2176873848366,1.0463837161059206
939,244400,228889.71279420514,15510.287205794855,6.346271360799858
940,150900,166939.36264018048,16039.36264018048,10.629133625036765
941,214000,227681.45925686558,13681.459256865579,6.39320526021756
942,150000,164168.1086921612,14168.108692161186,9.445405794774125
943,143000,127573.49348951838,15426.506510481617,10.787766790546586
944,137500,137499.9999994881,5.119072739034891e-07,3.7229619920253753e-10
945,124900,170250.8932527126,45350.89325271259,36.30976241209975
946,143000,136586.82743689683,6413.172563103173,4.484736058114107
947,270000,278272.6684525714,8272.668452571379,3.0639512787301406
948,192500,200311.75087419993,7811.750874199934,4.058052402181784
949,197500,174130.47315784826,23369.52684215174,11.832671818811006
950,129000,129424.73151905913,424.73151905913255,0.32924923958072294
951,119900,110207.07986179701,9692.920138202986,8.08417025705003
952,133900,128287.43351845178,5612.566481548216,4.191610516466181
953,172000,152540.6813943271,19459.31860567289,11.313557328879586
954,127500,134863.99434070263,7363.994340702629,5.7756818358452
955,145000,179761.83829798896,34761.83829798896,23.97368158481997
956,124000,123999.99999998897,1.1030351743102074e-08,8.895444954114576e-12
957,132000,135327.54636119332,3327.546361193323,2.5208684554494867
958,185000,196165.98724556007,11165.98724556007,6.035668781383822
959,155000,161453.0667199662,6453.066719966213,4.163268851591105
960,116500,145967.5795528744,29467.579552874406,25.29405970203812
961,272000,271608.6666542314,391.333345768624,0.14387255359140588
962,155000,174506.27475181795,19506.274751817953,12.584693388269647
963,239000,257102.15436400482,18102.15436400482,7.574123164855573
964,214900,223277.94616094904,8377.946160949039,3.8985324155183987
965,178900,189462.46476640695,10562.464766406949,5.9041166944700665
966,160000,173866.470156326,13866.470156325988,8.666543847703743
967,135000,134948.84084626587,51.159153734130086,0.03789566943268895
968,37900,62365.46910023046,24465.46910023046,64.55268891881389
969,140000,140044.57994943656,44.579949436563766,0.03184282102611698
970,135000,77090.47420221657,57909.525797783426,42.89594503539513
971,173000,192155.636761457,19155.63676145699,11.072622405466468
972,99500,87628.79799571892,11871.202004281076,11.930856285709625
973,182000,225491.65832405226,43491.65832405226,23.896515562666075
974,167500,206230.92062633266,38730.92062633266,23.122937687362786
975,165000,160729.4818725088,4270.518127491203,2.588192804540123
976,85500,86800.86887153398,1300.8688715339813,1.5214840602736623
977,199900,203526.48187557215,3626.48187557215,1.814148011791971
978,110000,103915.57510985617,6084.424890143826,5.531295354676205
979,139000,131592.12457370773,7407.875426292274,5.3294067815052335
980,178400,199821.95878877092,21421.95878877092,12.007824433167556
981,336000,321623.49481434806,14376.505185651942,4.27872178144403
982,159895,191512.90337822036,31617.903378220362,19.774166408093038
983,255900,246997.872929859,8902.127070140996,3.4787522743810064
984,126000,107566.19998936946,18433.80001063054,14.630000008436935
985,125000,133962.28038245262,8962.28038245262,7.169824305962096
986,117000,120021.79163405616,3021.791634056164,2.5827278923556958
987,395192,384600.3067308855,10591.693269114476,2.680138583046842
988,195000,172338.97844017387,22661.021559826127,11.621036697346732
989,197000,204139.35135670626,7139.351356706262,3.6240362216783053
990,348000,312604.5092350334,35395.490764966584,10.171118035909938
991,168000,166550.18738013305,1449.8126198669488,0.8629837023017553
992,187000,214013.360494106,27013.36049410599,14.44564732305133
993,173900,177610.7703722406,3710.7703722406004,2.133853003013571
994,337500,354000.7403932689,16500.740393268876,4.8891082646722595
995,121600,128829.1717929292,7229.171792929206,5.945042592869413
996,136500,136570.89917934642,70.8991793464229,0.05194079072998014
997,185000,164917.45103353504,20082.548966464965,10.855431873764845
998,91000,93928.88441010853,2928.884410108527,3.2185542968225573
999,206000,205496.16276216667,503.8372378333297,0.2445811834142377
1000,82000,60637.33478318152,21362.66521681848,26.052030752217657
1001,86000,61638.2348083432,24361.7651916568,28.327633943786978
1002,232000,229359.99775111096,2640.002248889039,1.1379320038314824
1003,136905,136904.99999999793,2.066371962428093e-09,1.5093473302129895e-12
1004,181000,187565.9363641731,6565.936364173103,3.6275891514768523
1005,149900,141421.98541153173,8478.014588468272,5.655780245809387
1006,163500,193190.1373857508,29690.1373857508,18.159105434709968
1007,88000,70290.41364205503,17709.586357944965,20.12452995221019
1008,240000,258111.2776592668,18111.27765926681,7.546365691361171
1009,102000,82303.3314773145,19696.668522685504,19.310459335966183
1010,135000,125449.47106021186,9550.528939788142,7.07446588132455
1011,100000,99999.99999998198,1.8015271052718163e-08,1.8015271052718162e-11
1012,165000,176111.5481462154,11111.548146215413,6.734271603766917
1013,85000,85944.28847910537,944.2884791053657,1.110927622476901
1014,119200,119236.18125685168,36.18125685167615,0.030353403399057174
1015,227000,202469.7450296764,24530.254970323615,10.80627972260952
1016,203000,224471.57671086045,21471.57671086045,10.57713138466032
1017,187500,224542.74725952456,37042.74725952456,19.756131871746437
1018,160000,160012.73049415063,12.730494150629966,0.00795655884414373
1019,213490,188746.0991322296,24743.900867770397,11.590191984528735
1020,176000,157019.44710192972,18980.55289807028,10.78440505572175
1021,194000,221133.07292128706,27133.072921287065,13.986120062519106
1022,87000,119831.73792014868,32831.73792014868,37.737629793274344
1023,191000,176247.70118782824,14752.298812171764,7.723716655587311
1024,287000,284766.2167370138,2233.783262986224,0.7783216944202871
1025,112500,105495.65617779453,7004.343822205468,6.226083397515972
1026,167500,152298.16926601014,15201.83073398986,9.075719841187976
1027,293077,306843.36078054935,13766.360780549352,4.697182235572683
1028,105000,96989.5084782778,8010.491521722201,7.629039544497333
1029,118000,119260.31624551208,1260.3162455120764,1.0680646148407427
1030,160000,134974.94813527065,25025.05186472935,15.640657415455845
1031,197000,227613.2510366837,30613.25103668371,15.539721338418126
1032,310000,312818.2977541109,2818.297754110885,0.9091283077777047
1033,230000,238333.66398435915,8333.663984359155,3.6233321671126757
1034,119750,112574.51246115196,7175.487538848043,5.992056399873105
1035,84000,79746.0893364471,4253.910663552902,5.064179361372503
1036,315500,312038.6641410027,3461.335858997307,1.0970953594286232
1037,287000,253106.685307009,33893.314692991,11.80951731463101
1038,97000,95004.56271142131,1995.437288578687,2.0571518438955536
1039,80000,67557.27451938888,12442.725480611116,15.553406850763896
1040,155000,151083.7073489152,3916.2926510848047,2.526640420054713
1041,173000,156964.02411848723,16035.975881512772,9.269350220527613
1042,196000,210328.2474852325,14328.24748523251,7.3103303496084235
1043,262280,254093.3923663758,8186.607633624197,3.1213236364283197
1044,278000,315013.89808012743,37013.89808012743,13.31435182738397
1045,139600,144573.59796762132,4973.597967621317,3.5627492604737228
1046,556581,448084.2344360725,108496.76556392747,19.493436815832283
1047,145000,148616.3948838111,3616.3948838110955,2.4940654371111
1048,115000,135543.76813402152,20543.76813402152,17.864146203496976
1049,84900,102445.27468738987,17545.274687389872,20.66581235263825
1050,176485,196133.71701689696,19648.71701689696,11.133363751535235
1051,200141,198919.80617126948,1221.1938287305238,0.6101667468087617
1052,165000,163627.89664682638,1372.1033531736175,0.8315777898021924
1053,144500,155806.62475847403,11306.624758474034,7.824653812092758
1054,255000,237219.86661666122,17780.133383338776,6.97260132679952
1055,180000,160928.23291666908,19071.767083330924,10.595426157406068
1056,185850,228376.16517659262,42526.16517659262,22.88198287683219
1057,248000,264973.1928124204,16973.192812420428,6.844029359846947
1058,335000,348571.76794708986,13571.767947089858,4.051274014056674
1059,220000,222091.2078456366,2091.2078456366144,0.9505490207439157
1060,213500,239732.87503956628,26232.87503956628,12.287060908461958
1061,81000,85819.96889783695,4819.968897836952,5.95057888621846
1062,90000,122355.83075671425,32355.830756714247,35.950923063015836
1063,110500,120872.59248436408,10372.592484364082,9.386961524311387
1064,154000,145279.1354298001,8720.86457019989,5.66289907155837
1065,328000,293651.73408467893,34348.26591532107,10.472032291256424
1066,178000,176281.02696137436,1718.9730386256415,0.9657151902391244
1067,167900,181942.42963929873,14042.42963929873,8.36356738493075
1068,151400,179585.40947530992,28185.40947530992,18.616518807998624
1069,135000,127755.54037417026,7244.459625829739,5.36626638950351
1070,135000,130727.25204697516,4272.747953024838,3.1649984837221026
1071,154000,147028.06341731033,6971.936582689668,4.527231547201083
1072,91500,94999.45863188719,3499.458631887188,3.824544952882172
1073,159500,146075.2517419871,13424.7482580129,8.416770067719687
1074,194000,192571.6151550671,1428.384844932909,0.7362808479035613
1075,219500,198570.92690945,20929.073090549995,9.534885234874713
1076,170000,139962.62385071887,30037.37614928113,17.669044793694784
1077,138800,119026.0412039005,19773.958796099498,14.246368008717218
1078,155900,124965.5501757173,30934.449824282696,19.84249507651231
1079,126000,121815.77936354847,4184.22063645153,3.3208100289297855
1080,145000,164438.5738645726,19438.573864572594,13.405913010050066
1081,133000,112007.19960188863,20992.800398111372,15.784060449707798
1082,192000,183394.538671306,8605.461328693986,4.482011108694784
1083,160000,162272.49736808645,2272.4973680864496,1.420310855054031
1084,187500,165580.0062357673,21919.9937642327,11.690663340924106
1085,147000,155290.3666703649,8290.366670364892,5.639705217935301
1086,83500,80922.2284298281,2577.771570171899,3.0871515810441905
1087,252000,262498.3191374135,10498.31913741352,4.165999657703778
1088,137500,136933.40640741706,566.5935925829399,0.4120680673330472
1089,197000,196736.5161629823,263.4838370177022,0.13374814061812293
1090,92900,102537.37040866332,9637.370408663322,10.373918631499809
1091,160000,155838.77363829323,4161.226361706766,2.6007664760667284
1092,136500,165754.0761353301,29254.076135330106,21.431557608300444
1093,146000,180796.41158675266,34796.411586752656,23.833158621063465
1094,129000,119612.84033955171,9387.159660448291,7.276867953835884
1095,176432,175931.26255613237,500.7374438676343,0.28381327869526746
1096,127000,131861.3700657024,4861.370065702387,3.827850445434951
1097,170000,185119.06519397526,15119.065193975257,8.893567761161917
1098,128000,121027.87185252676,6972.128147473239,5.446975115213467
1099,157000,172252.05975584025,15252.059755840251,9.714687742573409
1100,60000,40323.79808611542,19676.20191388458,32.7936698564743
1101,119500,98081.03498364557,21418.96501635443,17.923820097367724
1102,135000,122374.27848308589,12625.721516914113,9.352386308825269
1103,159500,171930.2470983143,12430.247098314314,7.7932583688491
1104,106000,112418.32320800537,6418.323208005371,6.05502189434469
1105,325000,353514.45439474867,28514.454394748667,8.773678275307283
1106,179900,192713.17012806927,12813.170128069265,7.122384729332554
1107,274725,269678.9122547124,5046.087745287572,1.8367777760624524
1108,181000,155315.46481848598,25684.535181514017,14.190350929013269
1109,280000,321459.73123821267,41459.73123821267,14.807046870790238
1110,188000,174476.29232707826,13523.707672921737,7.19346152814986
1111,205000,177252.60684298744,27747.393157012557,13.535313735128076
1112,129900,112785.9634708468,17114.036529153207,13.174777928524408
1113,134500,135815.0782391179,1315.0782391178946,0.9777533376341223
1114,117000,110292.4158383004,6707.584161699604,5.732977915982568
1115,318000,327621.23303109524,9621.233031095238,3.025544978331836
1116,184100,194843.0687115077,10743.068711507687,5.8354528579618075
1117,130000,125560.77504402897,4439.224955971033,3.414788427670025
1118,140000,126417.89351088725,13582.106489112746,9.701504635080534
1119,133700,122348.97822947099,11351.021770529012,8.489919050507863
1120,118400,159644.17311828307,41244.17311828307,34.834605674225564
1121,212900,238206.02205771967,25306.022057719674,11.886341971686084
1122,112000,64184.86918658667,47815.13081341333,42.69208108340476
1123,118000,103396.8546050544,14603.145394945604,12.375546944869157
1124,163900,151598.11574594982,12301.88425405018,7.505725597346053
1125,115000,92936.33146766902,22063.66853233098,19.18579872376607
1126,174000,191633.13495985002,17633.134959850024,10.133985609109208
1127,259000,240843.12074952704,18156.879250472964,7.010378088985701
1128,215000,220902.59991668383,5902.59991668383,2.7453953100855024
1129,140000,132396.613047423,7603.386952577013,5.430990680412153
1130,135000,147586.4592410739,12586.459241073899,9.323303141536222
1131,93500,138546.20021623038,45046.20021623038,48.17775424195763
1132,117500,126851.86529314585,9351.86529314585,7.9590342920390205
1133,239500,231051.44633973044,8448.553660269565,3.5275798163964778
1134,169000,182405.9322402633,13405.932240263297,7.932504284179466
1135,102000,105751.54899853645,3751.5489985364547,3.6779892142514257
1136,119000,111404.46304322037,7595.53695677963,6.3828041653610335
1137,94000,89759.26253086966,4240.737469130341,4.511422839500363
1138,196000,260882.71603602127,64882.71603602127,33.10342654899044
1139,144000,118767.7118756187,25232.288124381303,17.522422308598127
1140,139000,122981.47092103932,16018.52907896068,11.524121639540057
1141,197500,172919.55989471942,24580.440105280577,12.445792458369914
1142,424870,374972.0884693501,49897.91153064987,11.74427743325014
1143,80000,99417.08286570353,19417.08286570353,24.27135358212941
1144,80000,80886.82428881261,886.8242888126115,1.1085303610157644
1145,149000,138071.95224121408,10928.04775878592,7.3342602407959205
1146,180000,180021.5701683807,21.570168380712857,0.01198342687817381
1147,174500,166611.1411298395,7888.858870160504,4.520836028745275
1148,116900,119572.35293518184,2672.3529351818433,2.286016197760345
1149,143000,153431.19233160806,10431.192331608065,7.294540092033612
1150,124000,129649.64657799815,5649.646577998152,4.5561665951598
1151,149900,156822.2020992783,6922.202099278307,4.617879986176322
1152,230000,230000.0000000094,9.400537237524986e-09,4.087190103271733e-12
1153,120500,129465.19281807795,8965.19281807795,7.439994039898715
1154,201800,237711.4881869258,35911.488186925795,17.795583838912684
1155,218000,229749.86772821393,11749.867728213925,5.389847581749507
1156,179900,212439.96650621216,32539.966506212164,18.087807952313597
1157,230000,215688.7811390554,14311.218860944588,6.222269069975908
1158,235128,235127.99999987977,1.2022792361676693e-07,5.1132967412118896e-11
1159,185000,186865.1489148465,1865.1489148465043,1.008188602619732
1160,146000,143369.0379643171,2630.9620356828964,1.8020287915636277
1161,224000,232219.00017557488,8219.000175574882,3.6691965069530723
1162,129000,119746.53414295739,9253.46585704261,7.17322934654466
1163,108959,144908.57723996378,35949.57723996378,32.993673987429936
1164,194000,196016.80897147828,2016.8089714782836,1.0395922533393216
1165,233170,255853.58426824972,22683.584268249717,9.72834595713416
1166,245350,240983.5546673982,4366.445332601812,1.7796801844719021
1167,173000,189969.43539391065,16969.43539391065,9.808922193011938
1168,235000,213158.7256168674,21841.274383132608,9.294159311971322
1169,625000,521090.6331098275,103909.36689017247,16.625498702427596
1170,171000,168009.03681466597,2990.963185334025,1.749101277973114
1171,163000,164313.16484559668,1313.1648455966788,0.8056226046605391
1172,171900,165713.24885773627,6186.751142263733,3.5990408041092103
1173,200500,264114.97577180807,63614.975771808065,31.72816746723594
1174,239000,232516.53991407648,6483.460085923522,2.712744805825741
1175,285000,335944.5445728544,50944.544572854415,17.875278797492776
1176,119500,110621.0941099477,8878.905890052294,7.4300467699182375
1177,115000,111768.10628447481,3231.8937155251915,2.8103423613262533
1178,154900,111782.27676042033,43117.723239579675,27.835844570419415
1179,93000,85453.35622111292,7546.643778887083,8.114670729986111
1180,250000,213088.39336736195,36911.60663263805,14.76464265305522
1181,392500,316271.1254797329,76228.87452026713,19.421369304526657
1182,745000,669012.2344454614,75987.76555453858,10.199700074434709
1183,120000,144065.54583527104,24065.54583527104,20.054621529392534
1184,186700,206204.29889263408,19504.298892634077,10.446866037832928
1185,104900,110272.80650489879,5372.806504898792,5.121836515632785
1186,95000,90361.97834128674,4638.02165871326,4.8821280618034315
1187,262000,261999.99999974607,2.5393092073500156e-07,9.692019875381739e-11
1188,195000,184663.9573946004,10336.04260539959,5.300534669435687
1189,189000,174946.044518352,14053.955481648009,7.435955281295242
1190,168000,171311.89321975972,3311.893219759717,1.9713650117617363
1191,174000,169860.3100530445,4139.6899469555065,2.379132153422705
1192,125000,144330.90723454967,19330.907234549668,15.464725787639736
1193,165000,145065.25796295164,19934.74203704836,12.08166184063537
1194,158000,144121.13351081262,13878.866489187378,8.784092714675555
1195,176000,161805.36294179063,14194.637058209366,8.065134692164412
1196,219210,239261.8814342177,20051.881434217707,9.147338823145708
1197,144000,136054.98994970342,7945.01005029658,5.517368090483736
1198,178000,172438.14766713293,5561.852332867071,3.1246361420601523
1199,148000,133040.0807627941,14959.919237205904,10.108053538652637
1200,116050,101881.89130776751,14168.10869223249,12.20862446551701
1201,197900,191005.70737283528,6894.292627164716,3.4837254306036964
1202,117000,123715.63243640351,6715.63243640351,5.739856783250863
1203,213000,199467.62365294088,13532.376347059122,6.35322833195264
1204,153500,142447.54042725146,11052.459572748543,7.20029939592739
1205,271900,277801.2946856518,5901.294685651781,2.17039157250893
1206,107000,120083.57193754285,13083.571937542845,12.227637324806398
1207,200000,219082.23075990265,19082.230759902654,9.541115379951327
1208,140000,140177.3723778758,177.37237787581398,0.1266945556255814
1209,290000,292487.3931771384,2487.3931771384086,0.857721785220141
1210,189000,201042.5258368481,12042.5258368481,6.371706791983122
1211,164000,192507.43786053002,28507.437860530015,17.38258406129879
1212,113000,78972.58563667242,34027.41436332758,30.11275607374122
1213,145000,140395.05744960238,4604.942550397624,3.1758224485500848
1214,134500,117597.14573810718,16902.85426189282,12.567177889883135
1215,125000,104255.0959391302,20744.904060869798,16.595923248695836
1216,112000,114154.74792825474,2154.747928254743,1.9238820787988775
1217,229456,251491.39738449335,22035.39738449335,9.603321501505016
1218,80500,84738.11427229826,4238.114272298262,5.264738226457469
1219,91500,99237.29824088063,7737.298240880627,8.456063651235658
1220,115000,91782.33854156776,23217.661458432238,20.189270833419336
1221,134000,106572.75145886638,27427.248541133624,20.46809592621912
1222,143000,158303.2315571214,15303.231557121413,10.701560529455534
1223,137900,160930.39696539994,23030.396965399937,16.700795478897707
1224,184000,221011.70153741157,37011.70153741157,20.115055183375855
1225,145000,132467.70875016743,12532.291249832575,8.642959482643155
1226,214000,241081.37130943077,27081.371309430775,12.654846406276063
1227,147000,141537.1025740674,5462.897425932606,3.7162567523351067
1228,367294,335050.9107818516,32243.08921814838,8.778550484938055
1229,127000,131628.78122166856,4628.781221668556,3.644709623361068
1230,190000,189999.99999965858,3.414170350879431e-07,1.796931763620753e-10
1231,132500,132318.44725684196,181.55274315804127,0.13702093823248399
1232,101800,80813.50266287327,20986.497337126726,20.615419781067512
1233,142000,133132.86489710413,8867.135102895874,6.244461340067517
1234,130000,151217.91924509537,21217.91924509537,16.321476342381054
1235,138887,150676.23333933015,11789.233339330152,8.488363446060577
1236,175500,180711.58818687484,5211.58818687484,2.9695659184472025
1237,195000,208920.57380416998,13920.57380416998,7.138755797010246
1238,142500,134943.86363430312,7556.136365696875,5.302551835576755
1239,265900,239060.36513917593,26839.634860824066,10.09388298639491
1240,224900,208659.27295302015,16240.727046979853,7.22131038104929
1241,248328,256645.75249998164,8317.752499981638,3.3495024725289286
1242,170000,170781.69883572593,781.6988357259252,0.4598228445446619
1243,465000,384734.145627222,80265.85437277798,17.26147405866193
1244,230000,228787.72170038839,1212.2782996116148,0.5270775215702673
1245,178000,199830.08269617925,21830.082696179248,12.264091402347892
1246,186500,214337.25330164403,27837.25330164403,14.92614118050618
1247,169900,145669.11053414646,24230.889465853543,14.261853717394668
1248,129500,124883.392359552,4616.607640447997,3.564947984901928
1249,119000,107389.63574592551,11610.364254074491,9.75660861686932
1250,244000,294596.7684758976,50596.76847589761,20.736380522908856
1251,171750,189469.4453925809,17719.445392580907,10.316998772972871
1252,130000,98611.86759286848,31388.132407131518,24.144717236255016
1253,294000,284880.3848891709,9119.615110829123,3.101909901642559
1254,165400,197600.5072231648,32200.50722316481,19.46826313371512
1255,127500,144521.564457591,17021.564457591012,13.350246633404716
1256,301500,326642.88339883916,25142.883398839156,8.339264808901877
1257,99900,78659.32410655942,21240.67589344058,21.26193783127185
1258,190000,190916.29057578152,916.290575781517,0.48225819777974577
1259,151000,156100.18694666578,5100.186946665781,3.3776072494475367
1260,181000,194152.15956337834,13152.159563378344,7.266386499104057
1261,128900,123842.11485196344,5057.885148036556,3.923882969772347
1262,161500,143844.0085755275,17655.991424472508,10.932502430013937
1263,180500,173604.24427946992,6895.755720530084,3.8203632800720686
1264,181000,155948.51105755215,25051.488942447846,13.840601625661794
1265,183900,146517.52767599057,37382.47232400943,20.327608659058964
1266,122000,124147.72600694906,2147.7260069490585,1.7604311532369334
1267,378500,342287.9252018924,36212.07479810761,9.56725886343662
1268,381000,389477.4795344239,8477.47953442391,2.2250602452556194
1269,144000,132322.08263712653,11677.917362873472,8.1096648353288
1270,260000,259999.9999994244,5.755864549428225e-07,2.2137940574723942e-10
1271,185750,202335.64926935776,16585.64926935776,8.929017103288162
1272,137000,129473.43748122992,7526.562518770079,5.4938412545767
1273,177000,172257.72101795932,4742.278982040676,2.6792536621698737
1274,139000,117844.35359901129,21155.646400988713,15.219889497114183
1275,137000,137000.00000025055,2.5055487640202045e-07,1.828867710963653e-10
1276,162000,140862.80522133634,21137.19477866366,13.04765109794053
1277,197900,213112.07036123148,15212.070361231483,7.6867460137602235
1278,237000,236178.2203517507,821.7796482492995,0.3467424676157382
1279,68400,63793.256923058216,4606.743076941784,6.735004498452901
1280,227000,213301.4612093893,13698.538790610706,6.034598586172117
1281,180000,208478.15697584164,28478.156975841644,15.821198319912025
1282,150500,151922.63905749025,1422.639057490247,0.9452751212559781
1283,139000,154439.75557614563,15439.755576145631,11.107737824565204
1284,169000,184131.53749980804,15131.537499808037,8.953572485093513
1285,132500,134742.93987857937,2242.9398785793746,1.6927848140221695
1286,143000,151672.3280247736,8672.328024773597,6.064565052289228
1287,190000,183793.2444926252,6206.7555073747935,3.266713424934102
1288,278000,256568.85458379364,21431.14541620636,7.7090451137432945
1289,281000,304611.733913049,23611.733913048985,8.402752282223839
1290,180500,162983.2116036424,17516.788396357588,9.704591909339385
1291,119500,124596.6812384392,5096.681238439196,4.2650052204512106
1292,107500,125286.04364183222,17786.04364183222,16.545156876122995
1293,162900,180349.4465722521,17449.446572252113,10.711753574126528
1294,115000,123275.99371467091,8275.993714670913,7.196516273626881
1295,138500,125094.884123416,13405.115876583994,9.678784026414435
1296,155000,151982.76751860793,3017.2324813920713,1.9466016008981106
1297,140000,138512.64517068965,1487.3548293103522,1.0623963066502515
1298,160000,160000.0000000487,4.8690708354115486e-08,3.043169272132218e-11
1299,154000,187783.43579329705,33783.435793297045,21.937295969673407
1300,225000,244486.8056349615,19486.805634961493,8.66080250442733
1301,177500,172964.36000782796,4535.639992172044,2.5552901364349543
1302,290000,304278.2568488945,14278.256848894525,4.923536844446388
1303,232000,228792.37385233797,3207.6261476620275,1.3825974774405292
1304,130000,146808.9955246947,16808.995524694707,12.929996557457466
1305,325000,336650.6724250865,11650.672425086494,3.5848222846419984
1306,202500,219289.9564079936,16789.956407993595,8.291336497774616
1307,138000,135075.4560681537,2924.543931846303,2.1192347332219588
1308,147000,156509.12094272985,9509.120942729845,6.468789756959079
1309,179200,174499.30525028045,4700.694749719551,2.623155552298856
1310,335000,319900.36857692513,15099.631423074869,4.507352663604439
1311,203000,214643.44982296365,11643.449822963652,5.735689567962391
1312,302000,326397.5510628944,24397.551062894403,8.07865929234914
1313,333168,323107.4304956739,10060.569504326093,3.0196686069268637
1314,119000,105396.24319664409,13603.756803355907,11.431728406181435
1315,206900,190040.14640642257,16859.853593577427,8.148793423672029
1316,295493,266478.0854219742,29014.91457802581,9.819154625668226
1317,208900,188822.67841663604,20077.321583363955,9.610972514774511
1318,275000,266657.09254913125,8342.907450868748,3.0337845275886357
1319,111000,101237.42705683332,9762.572943166684,8.795110759609626
1320,156500,195288.56871709364,38788.56871709364,24.78502793424514
1321,72500,72500.00000020271,2.0270817913115025e-07,2.7959748845675894e-10
1322,190000,250140.96735327525,60140.96735327525,31.65314071225013
1323,82500,94644.60344431378,12144.603444313776,14.720731447653062
1324,147000,283782.1458563551,136782.14585635508,93.049078813847
1325,55000,70838.22474717899,15838.224747178989,28.796772267598165
1326,79000,89473.05516088844,10473.055160888442,13.257031849225875
1327,130500,122160.43679292125,8339.563207078754,6.390469890481803
1328,256000,246673.50938857198,9326.490611428017,3.6431603950890694
1329,176500,182256.10849440456,5756.108494404558,3.261251271617313
1330,227000,241181.0007833322,14181.000783332187,6.247136908956911
1331,132500,130300.68575277526,2199.314247224742,1.6598598092262205
1332,100000,104516.24175897762,4516.241758977616,4.516241758977616
1333,125500,137906.24852970304,12406.248529703036,9.885456995779311
1334,125000,121628.4005021182,3371.5994978818053,2.6972795983054443
1335,167900,164661.04454741886,3238.95545258114,1.9290979467427873
1336,135000,118148.8288200956,16851.1711799044,12.482349022151407
1337,52500,53698.688994049706,1198.6889940497058,2.2832171315232492
1338,200000,231604.68814265824,31604.68814265824,15.802344071329118
1339,128500,111988.21551796354,16511.784482036455,12.84963772921125
1340,123000,103222.53624182564,19777.46375817436,16.07923882778403
1341,155000,156534.53540573697,1534.5354057369696,0.9900228424109481
1342,228500,226456.44882102896,2043.5511789710436,0.8943331198998002
1343,177000,178219.34448645494,1219.3444864549383,0.6888951900875357
1344,155835,195274.59657331588,39439.59657331588,25.308561345856763
1345,108500,91762.50966893937,16737.49033106063,15.426258369641136
1346,262500,278122.15071380953,15622.150713809533,5.951295510022679
1347,283463,301516.9852808565,18053.98528085649,6.36908001427223
1348,215000,232386.08911176297,17386.089111762965,8.086553075238587
1349,122000,126616.6076408796,4616.607640879607,3.7841046236718094
1350,200000,195117.93583592025,4882.064164079755,2.4410320820398774
1351,171000,163136.24864294395,7863.751357056055,4.598685004126348
1352,134900,146807.30942817454,11907.309428174543,8.826767552390322
1353,410000,427883.0162267997,17883.016226799693,4.361711274829194
1354,235000,225018.27795571243,9981.72204428757,4.247541295441519
1355,170000,173022.59518419,3022.595184189995,1.7779971671705852
1356,110000,83817.16565521128,26182.834344788716,23.80257667708065
1357,149900,158965.5928828535,9065.592882853496,6.047760428854901
1358,177500,151321.45140798992,26178.548592010076,14.748478080005679
1359,315000,326284.2925431223,11284.292543122312,3.582315093054702
1360,189000,193882.84293554773,4882.842935547727,2.583514780713083
1361,260000,310186.16586394515,50186.16586394515,19.30237148613275
1362,104900,89432.55098540054,15467.449014599464,14.7449466297421
1363,156932,176277.15068319955,19345.15068319955,12.327091149797077
1364,144152,151160.1930410112,7008.193041011196,4.861668961243129
1365,216000,218361.62356450592,2361.6235645059205,1.093344242826815
1366,193000,199495.9070152033,6495.907015203295,3.365754930157147
1367,127000,113913.33706590734,13086.66293409266,10.304459003222565
1368,144000,138120.26305581242,5879.736944187578,4.083150655685818
1369,232000,248291.4519449577,16291.451944957691,7.022177562481763
1370,105000,104999.99999994764,5.235779099166393e-08,4.9864562849203747e-11
1371,165500,197786.32391292482,32286.323912924825,19.50835281747724
1372,274300,249321.52206970638,24978.477930293622,9.106262460916376
1373,466500,356237.0483673904,110262.95163260959,23.636216855864863
1374,250000,248517.85434519805,1482.1456548019487,0.5928582619207794
1375,239000,254027.7130650434,15027.713065043412,6.287746052319419
1376,91000,100784.91403122296,9784.914031222957,10.75265278156369
1377,117000,136966.5764223544,19966.57642235441,17.06544993363625
1378,83000,97911.18269212541,14911.18269212541,17.965280351958327
1379,167500,159326.8380908244,8173.1619091756,4.879499647269015
1380,58500,66299.39304163939,7799.393041639385,13.332295797674162
1381,237500,225500.16520424906,11999.83479575094,5.052562019263553
1382,157000,153741.79492796658,3258.2050720334228,2.0752898547983585
1383,112000,141340.90711651716,29340.907116517163,26.197238496890325
1384,105000,109964.01412391485,4964.014123914851,4.727632498966525
1385,125500,115382.16353092375,10117.836469076254,8.062021090897414
1386,250000,249999.99999987174,1.2826058082282543e-07,5.130423232913018e-11
1387,136000,181148.5498521288,45148.54985212881,33.1974631265653
1388,377500,337792.3488482764,39707.65115172358,10.518583086549292
1389,131000,130889.04898908132,110.95101091868128,0.08469542818219945
1390,235000,225836.2543016964,9163.745698303595,3.8994662545972747
1391,124000,104739.03720804394,19260.96279195606,15.533034509641983
1392,123000,101566.85299550943,21433.147004490573,17.425322767878516
1393,163000,135074.5684506451,27925.431549354893,17.13216659469625
1394,246578,223781.26779362102,22796.732206378976,9.24524175164815
1395,281213,283049.2708005926,1836.2708005926106,0.6529821880896725
1396,160000,180890.41015513145,20890.410155131452,13.056506346957159
1397,137500,142541.03887295295,5041.038872952951,3.6662100894203284
1398,138000,130508.08718673213,7491.912813267874,5.4289223284549815
1399,137450,138907.68530397353,1457.6853039735288,1.0605204103117707
1400,120000,111933.02152760533,8066.978472394665,6.722482060328888
1401,193000,174710.20925731494,18289.790742685058,9.47657551434459
1402,193879,199202.78228948938,5323.782289489376,2.7459303428888
1403,282922,267322.0155144769,15599.984485523077,5.513881736140377
1404,105000,80767.68784363105,24232.31215636895,23.078392529875188
1405,275000,296226.717457291,21226.71745729097,7.718806348105808
1406,133000,127251.7580103818,5748.241989618196,4.321986458359546
1407,112000,106536.14328136659,5463.856718633411,4.8784434987798315
1408,125500,102877.8922748676,22622.107725132402,18.025583844727013
1409,215000,202740.66055081398,12259.339449186024,5.7020183484586155
1410,230000,212948.4310101083,17051.568989891704,7.4137256477790014
1411,140000,138401.73936722786,1598.2606327721442,1.1416147376943888
1412,90000,88780.65551386387,1219.344486136135,1.3548272068179277
1413,257000,254430.94247044236,2569.057529557642,0.9996332799835183
1414,207000,187105.30506206662,19894.694937933382,9.610963738132067
1415,175900,215831.20597557336,39931.205975573364,22.701083556323688
1416,122500,130439.79273886592,7939.792738865915,6.481463460298706
1417,340000,320506.06580312166,19493.93419687834,5.733510057905394
1418,124000,125564.38313512117,1564.3831351211702,1.2615993025170726
1419,223000,241110.75918091447,18110.759180914465,8.121416673055815
1420,179900,159796.2437630704,20103.756236929592,11.17496177705925
1421,127500,140561.10295657426,13061.102956574265,10.244002318881776
1422,136500,129722.72487137825,6777.2751286217535,4.965036724265021
1423,274970,293055.6489974371,18085.648997437092,6.577317160940137
1424,144000,131804.070353221,12195.929646778997,8.469395588040971
1425,142000,166594.3014944604,24594.301494460407,17.319930629901695
1426,271000,276879.2088260463,5879.208826046321,2.1694497513086053
1427,140000,140145.12385050565,145.12385050565354,0.10365989321832396
1428,119000,118073.20300756008,926.7969924399222,0.7788210020503548
1429,182900,198624.93405998856,15724.934059988562,8.597558261338744
1430,192140,189198.91961766392,2941.0803823360766,1.530696566220504
1431,143750,138953.26464102775,4796.735358972248,3.3368593801546074
1432,64500,71772.87517754346,7272.875177543465,11.275775469059637
1433,186500,183383.20903597385,3116.7909640261496,1.6712015892901606
1434,160000,175486.72831593067,15486.728315930668,9.679205197456668
1435,174000,177539.41621355325,3539.4162135532533,2.0341472491685364
1436,120500,103789.11647329837,16710.883526701626,13.86795313419222
1437,394617,375143.0527911297,19473.94720887032,4.9348981946723836
1438,149700,163214.27011023075,13514.270110230747,9.027568543908316
1439,197000,165679.186888974,31320.813111025986,15.898889904074103
1440,191000,192252.84972662837,1252.8497266283666,0.6559422652504537
1441,149300,129969.18630613,19330.813693870004,12.947631409156065
1442,310000,324718.8743629864,14718.874362986418,4.748023988060135
1443,121000,102568.36011929423,18431.63988070577,15.232760231988241
1444,179600,189056.02606545002,9456.026065450016,5.265047920629185
1445,129000,121509.31778482706,7490.682215172943,5.80673039935887
1446,157900,143861.5885793081,14038.411420691904,8.890697543186766
1447,240000,250061.55577112347,10061.555771123472,4.19231490463478
1448,112000,94090.063592892,17909.936407108005,15.991014649203574
1449,92000,85518.72299827248,6481.277001727518,7.044866306225563
1450,136000,126444.49134571463,9555.508654285368,7.0261093046215946
1451,287090,260117.76593605787,26972.23406394213,9.395044781755594
1452,145000,115922.22254381687,29077.777456183132,20.053639624953885
1453,84500,131783.3893466106,47283.38934661061,55.95667378297114
1454,185000,207934.6711444071,22934.671144407097,12.39711953751735
1455,175000,166839.84222726137,8160.157772738632,4.66294729870779
1456,210000,217390.43955360484,7390.43955360484,3.5192569302880186
1457,266500,263831.81502487906,2668.1849751209375,1.0011951126157363
1458,142125,147087.53349042,4962.533490419999,3.491668243039577
1459,147500,143478.0698014314,4021.930198568589,2.726732338012603
